,Zip,Counts
0,00934,1
1,01001,1
2,01020,1
3,01022,1
4,01028,2
5,01035,1
6,01036,1
7,01038,3
8,01040,5
9,01056,1
10,01060,2
11,01071,1
12,01075,1
13,01077,1
14,01082,2
15,01085,3
16,01089,2
17,01103,2
18,01104,4
19,01106,1
20,01144,1
21,01151,2
22,01199,2
23,01201,3
24,01222,1
25,01230,1
26,01237,1
27,01238,1
28,01247,1
29,01257,1
30,01331,3
31,01339,2
32,01342,1
33,01373,1
34,01420,3
35,01432,1
36,01453,5
37,01501,2
38,01510,1
39,01519,1
40,01527,2
41,01532,1
42,01536,1
43,01545,2
44,01569,2
45,01570,1
46,01581,3
47,01590,2
48,01603,2
49,01605,1
50,01606,1
51,01608,1
52,01720,1
53,01721,1
54,01730,2
55,01742,1
56,01752,1
57,01757,3
58,01760,2
59,01773,1
60,01801,2
61,01810,3
62,01821,2
63,01826,1
64,01833,1
65,01840,1
66,01841,1
67,01843,1
68,01845,1
69,01852,2
70,01854,1
71,01886,1
72,01887,1
73,01890,1
74,01901,2
75,01902,2
76,01904,1
77,01905,1
78,01910,2
79,01913,1
80,01922,1
81,01930,2
82,01944,1
83,01950,2
84,01960,1
85,02019,1
86,02021,1
87,02026,2
88,02035,4
89,02038,2
90,02048,1
91,02052,1
92,02062,1
93,02072,1
94,02090,1
95,02093,1
96,02109,1
97,02113,1
98,02114,1
99,02115,7
100,02116,2
101,02118,1
102,02119,1
103,02120,1
104,02122,1
105,02125,1
106,02128,3
107,02131,1
108,02134,1
109,02135,2
110,02138,1
111,02139,1
112,02142,1
113,02145,1
114,02151,2
115,02153,1
116,02169,2
117,02170,1
118,02184,1
119,02188,1
120,02190,2
121,02210,2
122,02215,4
123,02333,1
124,02339,2
125,02343,1
126,02346,1
127,02360,4
128,02368,1
129,02379,1
130,02382,1
131,02420,1
132,02445,1
133,02451,1
134,02462,1
135,02472,2
136,02481,1
137,02492,1
138,02536,1
139,02540,1
140,02576,2
141,02649,1
142,02653,1
143,02660,1
144,02670,1
145,02703,3
146,02714,1
147,02717,2
148,02719,1
149,02720,4
150,02721,1
151,02744,1
152,02745,1
153,02766,1
154,02780,1
155,02790,1
156,02816,1
157,02817,1
158,02840,1
159,02852,2
160,02864,1
161,02865,2
162,02871,1
163,02886,4
164,02892,2
165,02895,1
166,02903,2
167,02904,2
168,02907,1
169,02908,2
170,02909,2
171,02912,1
172,02914,1
173,02916,2
174,02917,1
175,02919,3
176,02920,1
177,03051,1
178,03053,2
179,03055,1
180,03060,1
181,03077,1
182,03079,1
183,03101,1
184,03103,1
185,03109,2
186,03110,3
187,03217,1
188,03229,1
189,03235,2
190,03242,1
191,03246,2
192,03264,1
193,03266,1
194,03282,1
195,03301,2
196,03304,1
197,03465,1
198,03561,1
199,03574,1
200,03743,3
201,03755,1
202,03781,1
203,03801,1
204,03803,1
205,03820,1
206,03833,1
207,03840,1
208,03849,1
209,03851,1
210,03856,1
211,03865,1
212,03870,2
213,03885,1
214,03886,1
215,03903,1
216,03904,6
217,03906,1
218,04002,1
219,04009,2
220,04011,2
221,04015,1
222,04037,1
223,04038,1
224,04039,1
225,04043,1
226,04055,1
227,04062,1
228,04064,2
229,04071,2
230,04073,4
231,04090,1
232,04092,1
233,04096,1
234,04097,1
235,04101,1
236,04102,1
237,04103,1
238,04106,3
239,04110,1
240,04210,2
241,04211,2
242,04234,1
243,04240,2
244,04256,1
245,04261,1
246,04330,2
247,04345,1
248,04348,2
249,04351,1
250,04401,2
251,04412,1
252,04426,1
253,04443,1
254,04462,1
255,04472,1
256,04479,1
257,04530,1
258,04543,1
259,04609,1
260,04631,1
261,04694,2
262,04732,1
263,04736,1
264,04740,1
265,04742,1
266,04769,1
267,04783,1
268,04841,1
269,04944,1
270,05403,1
271,06010,3
272,06018,1
273,06019,1
274,06032,1
275,06033,1
276,06037,1
277,06051,1
278,06053,2
279,06067,1
280,06070,1
281,06074,1
282,06076,1
283,06082,2
284,06088,2
285,06092,1
286,06095,2
287,06096,1
288,06106,1
289,06108,4
290,06111,2
291,06114,1
292,06237,1
293,06241,3
294,06260,1
295,06320,1
296,06334,1
297,06340,1
298,06355,1
299,06360,2
300,06405,1
301,06415,1
302,06437,1
303,06443,1
304,06450,3
305,06451,1
306,06457,1
307,06460,1
308,06470,1
309,06473,4
310,06477,1
311,06483,1
312,06489,2
313,06492,3
314,06511,1
315,06512,4
316,06513,1
317,06516,4
318,06517,1
319,06601,1
320,06605,1
321,06606,1
322,06610,1
323,06615,2
324,06705,1
325,06708,1
326,06790,3
327,06795,1
328,06810,1
329,06811,1
330,06830,1
331,06853,1
332,06878,1
333,06883,1
334,06901,1
335,06902,1
336,06904,1
337,06905,1
338,06907,1
339,07001,1
340,07002,2
341,07004,2
342,07006,1
343,07012,3
344,07014,1
345,07016,1
346,07017,1
347,07026,1
348,07029,1
349,07033,2
350,07035,1
351,07036,1
352,07039,4
353,07040,1
354,07047,1
355,07050,1
356,07052,1
357,07054,1
358,07066,1
359,07068,1
360,07069,1
361,07071,3
362,07072,1
363,07073,4
364,07074,2
365,07080,8
366,07083,4
367,07094,1
368,07095,1
369,07104,1
370,07105,7
371,07114,4
372,07201,3
373,07202,1
374,07204,1
375,07205,1
376,07207,1
377,07302,3
378,07305,2
379,07410,1
380,07424,1
381,07456,1
382,07458,1
383,07470,1
384,07502,1
385,07506,1
386,07508,1
387,07513,1
388,07524,1
389,07601,2
390,07605,1
391,07632,1
392,07642,1
393,07644,1
394,07652,3
395,07657,1
396,07663,3
397,07718,1
398,07719,2
399,07724,2
400,07726,1
401,07728,3
402,07733,1
403,07737,1
404,07747,1
405,07748,1
406,07756,1
407,07762,1
408,07764,1
409,07827,1
410,07828,1
411,07836,2
412,07840,2
413,07860,1
414,07866,1
415,07876,1
416,07928,1
417,07936,1
418,07974,1
419,07977,2
420,07980,1
421,07981,1
422,08002,1
423,08003,1
424,08007,1
425,08014,1
426,08015,1
427,08016,1
428,08028,1
429,08030,2
430,08033,1
431,08048,1
432,08050,1
433,08051,1
434,08054,2
435,08055,1
436,08057,1
437,08059,1
438,08060,2
439,08066,1
440,08067,1
441,08070,1
442,08073,1
443,08075,2
444,08077,1
445,08080,1
446,08085,2
447,08096,1
448,08103,1
449,08104,3
450,08110,4
451,08201,1
452,08226,1
453,08234,5
454,08242,1
455,08302,1
456,08332,1
457,08360,7
458,08405,1
459,08512,4
460,08518,2
461,08605,1
462,08610,1
463,08618,1
464,08619,2
465,08628,1
466,08648,1
467,08701,3
468,08721,1
469,08724,1
470,08753,1
471,08817,2
472,08820,1
473,08832,1
474,08833,1
475,08837,1
476,08840,2
477,08852,1
478,08854,4
479,08855,2
480,08857,1
481,08865,1
482,08872,2
483,08873,2
484,08876,1
485,08879,1
486,08884,1
487,08888,2
488,08889,1
489,08901,3
490,08902,1
491,10001,7
492,10002,1
493,10004,2
494,10006,1
495,10007,4
496,10009,1
497,10010,2
498,10012,1
499,10013,5
500,10014,4
501,10016,3
502,10017,3
503,10019,3
504,10021,1
505,10022,3
506,10023,1
507,10024,1
508,10025,1
509,10026,1
510,10027,2
511,10032,1
512,10038,1
513,10039,2
514,10044,1
515,10065,2
516,10112,1
517,10301,1
518,10303,2
519,10305,1
520,10309,1
521,10451,3
522,10454,2
523,10457,2
524,10460,1
525,10461,2
526,10467,1
527,10469,1
528,10472,1
529,10474,3
530,10475,2
531,10504,1
532,10509,2
533,10511,1
534,10516,1
535,10523,1
536,10530,1
537,10532,1
538,10549,1
539,10566,1
540,10573,1
541,10591,2
542,10596,1
543,10598,1
544,10601,1
545,10604,1
546,10606,1
547,10705,1
548,10710,1
549,10801,2
550,10912,1
551,10918,2
552,10920,1
553,10941,1
554,10952,1
555,10954,1
556,10960,1
557,10994,1
558,10996,1
559,11003,3
560,11020,1
561,11030,2
562,11040,2
563,11050,2
564,11101,5
565,11102,1
566,11201,2
567,11206,2
568,11207,1
569,11208,1
570,11209,1
571,11210,1
572,11215,1
573,11217,3
574,11218,1
575,11220,1
576,11223,1
577,11225,2
578,11229,1
579,11230,1
580,11233,1
581,11236,1
582,11249,1
583,11351,1
584,11354,3
585,11361,1
586,11365,1
587,11367,1
588,11368,3
589,11369,2
590,11373,2
591,11377,1
592,11378,1
593,11418,3
594,11420,1
595,11421,1
596,11430,10
597,11433,1
598,11436,1
599,11530,1
600,11542,1
601,11545,1
602,11549,1
603,11561,1
604,11590,4
605,11701,1
606,11704,1
607,11705,1
608,11706,1
609,11716,2
610,11725,1
611,11731,1
612,11735,1
613,11742,2
614,11743,2
615,11746,1
616,11747,5
617,11756,1
618,11758,1
619,11767,1
620,11768,1
621,11769,1
622,11772,2
623,11787,1
624,11788,1
625,11793,2
626,11794,1
627,11795,2
628,11801,3
629,11901,1
630,11932,1
631,11933,1
632,11934,1
633,11944,2
634,11953,1
635,11980,1
636,12009,1
637,12010,1
638,12020,1
639,12043,1
640,12045,1
641,12065,1
642,12077,1
643,12078,1
644,12084,1
645,12110,4
646,12125,1
647,12138,1
648,12156,1
649,12173,1
650,12180,2
651,12184,1
652,12192,1
653,12205,2
654,12206,1
655,12207,1
656,12208,3
657,12302,2
658,12306,1
659,12308,2
660,12309,2
661,12401,1
662,12414,1
663,12442,1
664,12484,1
665,12496,1
666,12534,1
667,12542,1
668,12549,2
669,12550,1
670,12553,1
671,12564,2
672,12572,1
673,12575,1
674,12589,1
675,12594,1
676,12601,1
677,12603,2
678,12701,2
679,12721,1
680,12734,1
681,12746,1
682,12748,1
683,12771,1
684,12803,1
685,12804,2
686,12822,1
687,12828,1
688,12846,1
689,12901,2
690,12919,1
691,12920,1
692,13021,2
693,13029,1
694,13035,1
695,13037,1
696,13045,3
697,13057,1
698,13060,1
699,13069,1
700,13084,2
701,13090,1
702,13092,1
703,13104,1
704,13153,1
705,13164,1
706,13166,1
707,13202,2
708,13203,2
709,13204,1
710,13205,1
711,13206,2
712,13208,1
713,13209,1
714,13219,1
715,13224,1
716,13326,1
717,13329,1
718,13346,1
719,13350,2
720,13439,1
721,13440,1
722,13441,3
723,13459,1
724,13492,1
725,13502,1
726,13503,1
727,13605,1
728,13634,1
729,13642,1
730,13662,2
731,13669,1
732,13736,1
733,13748,1
734,13755,1
735,13760,3
736,13790,3
737,13820,3
738,13838,3
739,13904,1
740,14001,2
741,14013,1
742,14020,1
743,14047,1
744,14048,4
745,14059,2
746,14075,1
747,14080,1
748,14086,1
749,14092,1
750,14094,1
751,14103,1
752,14120,3
753,14125,1
754,14132,1
755,14139,1
756,14150,3
757,14171,1
758,14201,2
759,14202,1
760,14203,1
761,14206,4
762,14207,3
763,14214,1
764,14218,1
765,14219,2
766,14220,1
767,14224,2
768,14225,4
769,14226,1
770,14227,1
771,14240,1
772,14302,2
773,14304,2
774,14411,2
775,14420,1
776,14424,2
777,14432,1
778,14450,1
779,14456,2
780,14526,2
781,14551,1
782,14580,7
783,14586,1
784,14606,1
785,14608,1
786,14609,1
787,14613,1
788,14621,1
789,14623,4
790,14624,1
791,14625,1
792,14627,1
793,14642,2
794,14646,1
795,14652,1
796,14701,2
797,14716,1
798,14727,1
799,14760,2
800,14801,1
801,14825,1
802,14830,3
803,14845,1
804,14850,3
805,14870,1
806,14891,1
807,14895,2
808,14901,4
809,14903,2
810,15001,1
811,15003,3
812,15012,3
813,15017,1
814,15019,1
815,15022,1
816,15024,1
817,15025,1
818,15032,1
819,15033,1
820,15042,2
821,15043,1
822,15044,1
823,15049,1
824,15056,1
825,15057,1
826,15061,4
827,15062,2
828,15063,1
829,15068,2
830,15077,2
831,15084,1
832,15085,1
833,15086,1
834,15090,3
835,15102,2
836,15104,1
837,15108,4
838,15110,1
839,15122,2
840,15131,1
841,15136,2
842,15137,2
843,15143,1
844,15146,3
845,15147,2
846,15201,1
847,15203,1
848,15204,1
849,15205,5
850,15206,2
851,15207,1
852,15209,2
853,15210,1
854,15212,8
855,15213,2
856,15214,1
857,15215,1
858,15217,1
859,15219,1
860,15221,1
861,15222,2
862,15223,1
863,15225,1
864,15226,1
865,15227,3
866,15231,1
867,15235,1
868,15236,1
869,15237,2
870,15238,3
871,15239,1
872,15310,1
873,15311,1
874,15317,3
875,15323,3
876,15330,2
877,15342,2
878,15359,1
879,15370,1
880,15401,3
881,15423,1
882,15425,1
883,15431,1
884,15432,1
885,15459,1
886,15462,1
887,15478,1
888,15501,1
889,15522,1
890,15537,1
891,15601,2
892,15622,2
893,15626,1
894,15628,1
895,15632,2
896,15642,2
897,15644,1
898,15650,1
899,15658,2
900,15672,2
901,15697,1
902,15701,2
903,15717,1
904,15747,1
905,15757,1
906,15801,2
907,15824,1
908,15825,2
909,15834,1
910,15849,1
911,15857,5
912,15864,1
913,15870,1
914,15902,1
915,15904,3
916,15906,1
917,16001,1
918,16024,1
919,16034,1
920,16038,1
921,16046,1
922,16049,2
923,16057,1
924,16061,1
925,16063,1
926,16066,2
927,16101,1
928,16102,1
929,16117,2
930,16121,1
931,16123,1
932,16125,1
933,16134,3
934,16137,1
935,16146,1
936,16148,2
937,16157,1
938,16214,1
939,16226,1
940,16254,1
941,16314,1
942,16323,1
943,16334,1
944,16335,1
945,16373,1
946,16403,1
947,16407,1
948,16415,1
949,16428,3
950,16502,1
951,16504,1
952,16506,1
953,16508,1
954,16565,1
955,16601,3
956,16602,1
957,16648,2
958,16655,2
959,16659,1
960,16684,1
961,16686,3
962,16701,1
963,16735,1
964,16801,1
965,16802,1
966,16803,1
967,16841,1
968,16922,1
969,16933,1
970,16936,1
971,16947,2
972,17007,1
973,17011,2
974,17013,6
975,17015,3
976,17019,2
977,17033,6
978,17034,1
979,17038,1
980,17042,3
981,17043,1
982,17046,1
983,17050,3
984,17057,3
985,17067,1
986,17070,2
987,17072,1
988,17073,1
989,17078,1
990,17101,1
991,17104,1
992,17109,3
993,17110,3
994,17111,2
995,17112,1
996,17113,4
997,17126,1
998,17201,6
999,17202,6
1000,17221,1
1001,17225,4
1002,17233,1
1003,17241,1
1004,17257,5
1005,17268,2
1006,17309,1
1007,17314,1
1008,17315,1
1009,17325,3
1010,17327,1
1011,17331,9
1012,17339,3
1013,17345,2
1014,17350,4
1015,17353,2
1016,17362,1
1017,17363,1
1018,17368,1
1019,17370,1
1020,17402,9
1021,17403,4
1022,17404,6
1023,17406,6
1024,17408,1
1025,17512,3
1026,17516,1
1027,17517,2
1028,17519,1
1029,17520,1
1030,17522,6
1031,17527,2
1032,17540,6
1033,17543,1
1034,17545,1
1035,17551,1
1036,17552,2
1037,17557,1
1038,17560,1
1039,17566,3
1040,17572,1
1041,17578,1
1042,17601,9
1043,17602,5
1044,17603,6
1045,17608,1
1046,17701,2
1047,17747,1
1048,17754,1
1049,17756,1
1050,17764,1
1051,17771,1
1052,17772,1
1053,17824,1
1054,17837,1
1055,17842,1
1056,17844,1
1057,17846,1
1058,17847,2
1059,17855,1
1060,17856,1
1061,17857,1
1062,17860,2
1063,17870,3
1064,17901,6
1065,17929,2
1066,17931,1
1067,17938,1
1068,17941,1
1069,17948,1
1070,17961,1
1071,17970,1
1072,17972,2
1073,17976,1
1074,17980,1
1075,18010,1
1076,18011,1
1077,18014,1
1078,18015,2
1079,18016,1
1080,18017,3
1081,18020,5
1082,18031,7
1083,18037,1
1084,18040,3
1085,18041,2
1086,18042,1
1087,18045,1
1088,18052,1
1089,18062,3
1090,18066,1
1091,18067,1
1092,18071,1
1093,18076,1
1094,18078,1
1095,18101,1
1096,18103,3
1097,18104,5
1098,18106,6
1099,18109,2
1100,18201,4
1101,18202,4
1102,18218,1
1103,18235,1
1104,18237,1
1105,18240,1
1106,18301,3
1107,18324,1
1108,18337,3
1109,18344,2
1110,18349,1
1111,18351,1
1112,18372,1
1113,18403,1
1114,18411,4
1115,18424,2
1116,18427,1
1117,18431,3
1118,18501,1
1119,18504,3
1120,18505,3
1121,18507,1
1122,18512,1
1123,18515,1
1124,18517,1
1125,18603,1
1126,18612,1
1127,18635,2
1128,18636,1
1129,18640,2
1130,18641,2
1131,18643,1
1132,18644,1
1133,18702,4
1134,18706,3
1135,18707,3
1136,18824,1
1137,18830,1
1138,18840,1
1139,18848,1
1140,18854,1
1141,18902,1
1142,18960,1
1143,18964,3
1144,18974,2
1145,18976,3
1146,19001,2
1147,19006,1
1148,19007,3
1149,19013,2
1150,19018,1
1151,19020,3
1152,19030,2
1153,19031,1
1154,19035,1
1155,19044,3
1156,19047,7
1157,19053,4
1158,19054,2
1159,19061,1
1160,19063,1
1161,19067,2
1162,19073,1
1163,19074,1
1164,19078,1
1165,19087,2
1166,19090,1
1167,19095,1
1168,19102,1
1169,19103,1
1170,19104,4
1171,19107,1
1172,19112,2
1173,19118,1
1174,19120,3
1175,19126,1
1176,19130,3
1177,19131,2
1178,19134,1
1179,19135,7
1180,19137,1
1181,19139,1
1182,19143,2
1183,19145,2
1184,19148,4
1185,19149,1
1186,19153,7
1187,19154,1
1188,19176,1
1189,19335,1
1190,19341,2
1191,19344,2
1192,19348,3
1193,19355,4
1194,19362,1
1195,19363,1
1196,19365,1
1197,19374,1
1198,19380,3
1199,19382,3
1200,19401,1
1201,19403,2
1202,19406,3
1203,19422,1
1204,19426,1
1205,19428,1
1206,19436,1
1207,19438,1
1208,19440,5
1209,19443,1
1210,19444,1
1211,19446,2
1212,19453,1
1213,19457,1
1214,19460,1
1215,19462,1
1216,19464,3
1217,19468,1
1218,19474,1
1219,19486,3
1220,19505,1
1221,19506,2
1222,19507,1
1223,19508,2
1224,19510,3
1225,19512,1
1226,19518,1
1227,19522,1
1228,19526,3
1229,19530,4
1230,19533,2
1231,19536,4
1232,19540,1
1233,19551,2
1234,19601,2
1235,19607,2
1236,19610,2
1237,19611,2
1238,19612,2
1239,19701,2
1240,19702,2
1241,19706,2
1242,19709,3
1243,19713,1
1244,19720,3
1245,19801,5
1246,19804,2
1247,19807,1
1248,19808,3
1249,19898,1
1250,19904,1
1251,19938,2
1252,19947,2
1253,19950,2
1254,19951,3
1255,19958,1
1256,19963,1
1257,19966,2
1258,19971,1
1259,19973,1
1260,19975,3
1261,20001,5
1262,20003,5
1263,20004,2
1264,20006,1
1265,20007,2
1266,20008,1
1267,20009,1
1268,20010,5
1269,20011,1
1270,20012,1
1271,20016,1
1272,20017,1
1273,20018,1
1274,20019,2
1275,20020,2
1276,20024,3
1277,20057,1
1278,20375,1
1279,20755,1
1280,20790,1
1281,20849,1
1282,20852,1
1283,20892,1
1284,20894,1
1285,21219,1
1286,21224,2
1287,21226,2
1288,21660,1
1289,21702,1
1290,22134,1
1291,22135,2
1292,22311,1
1293,22427,1
1294,22701,1
1295,23188,1
1296,23238,1
1297,23320,1
1298,23504,3
1299,23505,2
1300,23507,1
1301,23510,2
1302,23511,2
1303,23523,2
1304,23606,1
1305,23607,7
1306,23691,1
1307,23703,5
1308,23704,1
1309,23707,2
1310,23709,3
1311,23801,1
1312,23824,1
1313,23834,1
1314,24141,2
1315,24330,1
1316,24701,2
1317,24740,1
1318,24844,1
1319,24910,1
1320,24977,1
1321,25015,1
1322,25112,1
1323,25143,2
1324,25177,1
1325,25262,1
1326,25271,1
1327,25302,1
1328,25303,1
1329,25304,1
1330,25403,2
1331,25404,1
1332,25411,2
1333,25428,1
1334,25430,1
1335,25444,1
1336,25504,1
1337,25524,1
1338,25541,1
1339,25560,1
1340,25701,2
1341,25703,1
1342,25704,1
1343,25705,2
1344,25801,5
1345,25832,1
1346,25913,1
1347,26003,4
1348,26030,1
1349,26031,1
1350,26050,1
1351,26055,1
1352,26059,2
1353,26060,1
1354,26062,5
1355,26070,1
1356,26102,2
1357,26120,1
1358,26134,1
1359,26146,1
1360,26155,2
1361,26187,1
1362,26201,4
1363,26217,1
1364,26261,2
1365,26301,1
1366,26330,3
1367,26351,1
1368,26354,1
1369,26415,3
1370,26452,1
1371,26456,1
1372,26463,1
1373,26505,3
1374,26506,1
1375,26508,1
1376,26525,2
1377,26534,1
1378,26554,2
1379,26610,1
1380,26627,1
1381,26681,1
1382,26704,1
1383,26757,1
1384,26801,1
1385,26814,1
1386,27106,1
1387,27906,1
1388,28211,1
1389,28228,1
1390,28301,1
1391,28307,2
1392,28347,1
1393,28542,1
1394,28719,1
1395,28768,1
1396,29334,1
1397,29418,1
1398,29904,1
1399,29906,1
1400,30003,1
1401,30004,2
1402,30005,1
1403,30008,1
1404,30011,1
1405,30012,1
1406,30013,3
1407,30014,6
1408,30016,1
1409,30019,2
1410,30022,1
1411,30024,7
1412,30025,1
1413,30030,2
1414,30034,1
1415,30040,3
1416,30041,1
1417,30042,1
1418,30043,5
1419,30046,2
1420,30052,1
1421,30058,3
1422,30060,2
1423,30061,1
1424,30062,2
1425,30063,1
1426,30067,1
1427,30071,3
1428,30075,1
1429,30076,3
1430,30080,3
1431,30081,1
1432,30082,1
1433,30084,6
1434,30094,1
1435,30096,2
1436,30097,2
1437,30101,2
1438,30103,4
1439,30106,1
1440,30107,1
1441,30110,1
1442,30114,2
1443,30115,1
1444,30116,1
1445,30117,3
1446,30119,1
1447,30120,6
1448,30122,4
1449,30125,1
1450,30127,1
1451,30135,2
1452,30141,4
1453,30143,1
1454,30144,3
1455,30152,3
1456,30153,2
1457,30161,5
1458,30165,4
1459,30168,1
1460,30178,1
1461,30180,1
1462,30184,4
1463,30188,2
1464,30213,8
1465,30214,2
1466,30220,1
1467,30224,2
1468,30228,2
1469,30230,1
1470,30236,2
1471,30240,3
1472,30241,1
1473,30252,1
1474,30253,5
1475,30260,2
1476,30263,3
1477,30269,2
1478,30271,1
1479,30281,1
1480,30286,1
1481,30288,1
1482,30290,1
1483,30291,3
1484,30294,5
1485,30297,7
1486,30303,1
1487,30306,1
1488,30308,2
1489,30309,2
1490,30310,1
1491,30313,4
1492,30314,2
1493,30315,2
1494,30316,1
1495,30318,4
1496,30320,5
1497,30322,2
1498,30324,3
1499,30326,2
1500,30328,3
1501,30329,1
1502,30331,1
1503,30336,9
1504,30337,2
1505,30338,1
1506,30339,5
1507,30340,1
1508,30341,1
1509,30342,1
1510,30344,2
1511,30345,2
1512,30346,1
1513,30349,2
1514,30350,1
1515,30354,4
1516,30360,1
1517,30369,1
1518,30377,1
1519,30401,1
1520,30411,1
1521,30415,1
1522,30417,2
1523,30434,1
1524,30436,2
1525,30439,1
1526,30442,1
1527,30453,1
1528,30458,5
1529,30467,1
1530,30475,1
1531,30501,2
1532,30503,1
1533,30504,1
1534,30506,1
1535,30507,4
1536,30512,1
1537,30513,1
1538,30518,2
1539,30520,2
1540,30528,1
1541,30533,1
1542,30534,1
1543,30536,1
1544,30538,1
1545,30542,2
1546,30543,1
1547,30549,3
1548,30553,1
1549,30554,1
1550,30564,1
1551,30566,3
1552,30567,2
1553,30568,1
1554,30601,2
1555,30605,1
1556,30606,5
1557,30620,1
1558,30622,1
1559,30628,1
1560,30635,1
1561,30642,2
1562,30643,1
1563,30648,1
1564,30655,1
1565,30666,1
1566,30673,3
1567,30680,2
1568,30701,2
1569,30705,3
1570,30707,1
1571,30720,5
1572,30721,10
1573,30722,1
1574,30724,1
1575,30725,1
1576,30734,1
1577,30740,1
1578,30741,3
1579,30750,1
1580,30753,2
1581,30824,5
1582,30828,2
1583,30830,4
1584,30901,4
1585,30904,1
1586,30905,2
1587,30906,9
1588,30907,3
1589,30909,2
1590,30912,1
1591,31006,1
1592,31010,1
1593,31015,1
1594,31021,4
1595,31029,2
1596,31030,1
1597,31031,1
1598,31046,1
1599,31061,1
1600,31064,2
1601,31068,1
1602,31069,2
1603,31082,2
1604,31085,1
1605,31091,1
1606,31092,1
1607,31093,1
1608,31097,1
1609,31098,3
1610,31169,1
1611,31206,5
1612,31208,1
1613,31210,4
1614,31216,2
1615,31217,2
1616,31312,1
1617,31322,1
1618,31323,3
1619,31324,3
1620,31326,4
1621,31401,1
1622,31402,1
1623,31404,3
1624,31405,3
1625,31406,1
1626,31407,3
1627,31408,6
1628,31410,1
1629,31415,3
1630,31416,1
1631,31419,1
1632,31516,1
1633,31522,2
1634,31525,1
1635,31533,4
1636,31534,1
1637,31535,1
1638,31537,1
1639,31539,2
1640,31554,2
1641,31601,8
1642,31602,1
1643,31603,1
1644,31605,1
1645,31620,1
1646,31636,1
1647,31639,2
1648,31650,2
1649,31698,1
1650,31699,1
1651,31707,1
1652,31709,2
1653,31714,1
1654,31750,3
1655,31757,1
1656,31768,3
1657,31771,1
1658,31775,1
1659,31776,1
1660,31792,1
1661,31793,1
1662,31794,4
1663,31801,1
1664,31833,5
1665,31901,1
1666,31904,4
1667,31905,2
1668,31906,1
1669,31907,2
1670,32011,1
1671,32025,6
1672,32034,6
1673,32043,4
1674,32054,1
1675,32055,1
1676,32058,1
1677,32060,2
1678,32063,1
1679,32065,1
1680,32073,2
1681,32080,1
1682,32081,1
1683,32084,4
1684,32086,1
1685,32091,1
1686,32092,2
1687,32095,1
1688,32114,4
1689,32117,8
1690,32119,3
1691,32124,1
1692,32127,1
1693,32128,1
1694,32132,1
1695,32137,2
1696,32159,2
1697,32162,1
1698,32173,1
1699,32174,2
1700,32177,3
1701,32179,2
1702,32202,2
1703,32203,1
1704,32205,1
1705,32206,3
1706,32207,1
1707,32209,2
1708,32210,1
1709,32212,2
1710,32216,3
1711,32217,1
1712,32218,11
1713,32219,2
1714,32220,1
1715,32225,1
1716,32226,6
1717,32233,1
1718,32234,2
1719,32246,1
1720,32254,8
1721,32256,1
1722,32257,2
1723,32258,1
1724,32259,1
1725,32301,2
1726,32303,1
1727,32304,1
1728,32306,2
1729,32312,1
1730,32317,1
1731,32321,1
1732,32327,1
1733,32333,1
1734,32343,1
1735,32345,1
1736,32348,1
1737,32353,1
1738,32401,2
1739,32404,1
1740,32405,10
1741,32407,2
1742,32408,1
1743,32409,2
1744,32413,1
1745,32424,1
1746,32431,1
1747,32446,1
1748,32448,1
1749,32459,1
1750,32501,1
1751,32502,4
1752,32503,1
1753,32504,1
1754,32505,1
1755,32508,3
1756,32514,5
1757,32533,2
1758,32536,5
1759,32541,1
1760,32542,2
1761,32547,3
1762,32548,1
1763,32550,2
1764,32570,1
1765,32571,1
1766,32578,1
1767,32580,1
1768,32601,2
1769,32603,1
1770,32607,3
1771,32608,5
1772,32609,1
1773,32611,1
1774,32618,1
1775,32641,2
1776,32643,1
1777,32666,1
1778,32669,2
1779,32701,1
1780,32703,7
1781,32712,1
1782,32713,1
1783,32714,1
1784,32719,1
1785,32720,2
1786,32724,2
1787,32726,1
1788,32746,3
1789,32750,2
1790,32757,1
1791,32765,4
1792,32766,1
1793,32767,1
1794,32771,4
1795,32773,6
1796,32778,1
1797,32779,2
1798,32780,2
1799,32782,1
1800,32789,2
1801,32792,1
1802,32796,2
1803,32798,1
1804,32801,5
1805,32803,7
1806,32804,2
1807,32805,5
1808,32806,3
1809,32807,2
1810,32808,3
1811,32809,3
1812,32810,3
1813,32811,4
1814,32812,2
1815,32814,2
1816,32817,1
1817,32819,9
1818,32820,1
1819,32821,10
1820,32822,3
1821,32824,17
1822,32825,3
1823,32826,1
1824,32827,6
1825,32828,5
1826,32829,1
1827,32830,42
1828,32831,2
1829,32832,4
1830,32836,2
1831,32837,6
1832,32839,1
1833,32853,1
1834,32887,1
1835,32901,2
1836,32904,2
1837,32905,1
1838,32906,1
1839,32907,1
1840,32908,1
1841,32920,1
1842,32926,1
1843,32934,2
1844,32935,3
1845,32937,1
1846,32952,2
1847,32955,2
1848,32966,1
1849,33004,1
1850,33009,2
1851,33010,2
1852,33012,3
1853,33013,1
1854,33014,2
1855,33018,2
1856,33021,1
1857,33023,1
1858,33024,1
1859,33025,2
1860,33027,1
1861,33029,1
1862,33030,2
1863,33031,1
1864,33032,1
1865,33033,2
1866,33036,1
1867,33037,3
1868,33040,1
1869,33050,1
1870,33054,3
1871,33056,1
1872,33063,1
1873,33064,3
1874,33065,2
1875,33067,1
1876,33069,5
1877,33073,2
1878,33076,1
1879,33101,3
1880,33109,1
1881,33122,6
1882,33125,1
1883,33126,1
1884,33128,1
1885,33130,2
1886,33131,1
1887,33132,5
1888,33133,1
1889,33134,4
1890,33135,1
1891,33136,1
1892,33137,2
1893,33138,1
1894,33139,4
1895,33140,1
1896,33141,2
1897,33142,7
1898,33143,4
1899,33147,1
1900,33152,1
1901,33154,1
1902,33155,1
1903,33156,1
1904,33160,5
1905,33166,5
1906,33167,1
1907,33169,2
1908,33172,3
1909,33174,1
1910,33175,1
1911,33176,3
1912,33178,6
1913,33180,2
1914,33184,1
1915,33185,1
1916,33186,1
1917,33187,1
1918,33239,1
1919,33299,1
1920,33301,1
1921,33304,1
1922,33309,2
1923,33310,1
1924,33311,5
1925,33312,1
1926,33314,2
1927,33315,3
1928,33316,4
1929,33317,2
1930,33319,1
1931,33321,1
1932,33323,2
1933,33324,2
1934,33326,1
1935,33328,1
1936,33351,2
1937,33401,2
1938,33404,2
1939,33406,1
1940,33408,1
1941,33409,1
1942,33410,1
1943,33411,6
1944,33414,1
1945,33415,2
1946,33417,2
1947,33418,1
1948,33426,1
1949,33428,1
1950,33430,2
1951,33432,3
1952,33433,1
1953,33434,1
1954,33437,1
1955,33440,2
1956,33442,4
1957,33443,1
1958,33446,2
1959,33455,1
1960,33458,1
1961,33462,1
1962,33469,1
1963,33473,1
1964,33476,2
1965,33478,1
1966,33480,4
1967,33487,3
1968,33493,2
1969,33498,1
1970,33513,3
1971,33514,1
1972,33521,3
1973,33525,2
1974,33527,2
1975,33542,3
1976,33543,1
1977,33544,4
1978,33547,2
1979,33548,1
1980,33563,1
1981,33565,1
1982,33566,3
1983,33569,1
1984,33578,3
1985,33597,1
1986,33598,2
1987,33601,1
1988,33602,1
1989,33604,3
1990,33605,7
1991,33607,5
1992,33608,2
1993,33609,2
1994,33610,3
1995,33611,3
1996,33612,4
1997,33614,2
1998,33615,1
1999,33617,1
2000,33619,7
2001,33634,3
2002,33637,1
2003,33647,2
2004,33701,4
2005,33702,1
2006,33703,1
2007,33704,1
2008,33705,3
2009,33706,2
2010,33707,1
2011,33708,1
2012,33710,2
2013,33712,1
2014,33714,2
2015,33716,2
2016,33756,4
2017,33759,1
2018,33760,3
2019,33761,1
2020,33762,3
2021,33764,1
2022,33765,3
2023,33767,1
2024,33771,2
2025,33773,3
2026,33774,1
2027,33777,3
2028,33781,1
2029,33782,1
2030,33801,4
2031,33803,1
2032,33805,2
2033,33807,2
2034,33810,1
2035,33811,1
2036,33815,4
2037,33825,1
2038,33830,1
2039,33837,5
2040,33844,1
2041,33853,1
2042,33860,2
2043,33870,3
2044,33873,1
2045,33880,3
2046,33881,1
2047,33890,1
2048,33897,1
2049,33901,2
2050,33903,3
2051,33905,2
2052,33908,1
2053,33909,1
2054,33912,3
2055,33913,1
2056,33914,2
2057,33916,3
2058,33917,2
2059,33928,1
2060,33931,1
2061,33935,2
2062,33946,2
2063,33948,1
2064,33952,1
2065,33966,3
2066,33971,1
2067,33980,1
2068,33982,1
2069,33993,1
2070,34102,1
2071,34104,1
2072,34105,2
2073,34109,1
2074,34110,3
2075,34113,1
2076,34114,2
2077,34117,1
2078,34119,1
2079,34120,1
2080,34134,2
2081,34135,2
2082,34142,3
2083,34145,1
2084,34203,1
2085,34208,2
2086,34209,2
2087,34210,1
2088,34212,1
2089,34217,1
2090,34219,1
2091,34220,1
2092,34221,3
2093,34228,1
2094,34229,1
2095,34230,2
2096,34231,3
2097,34232,3
2098,34233,2
2099,34234,1
2100,34236,2
2101,34237,1
2102,34238,2
2103,34239,2
2104,34240,1
2105,34242,1
2106,34243,5
2107,34251,1
2108,34266,4
2109,34269,1
2110,34275,5
2111,34285,2
2112,34292,1
2113,34293,2
2114,34428,2
2115,34429,2
2116,34442,1
2117,34448,2
2118,34470,1
2119,34471,6
2120,34474,2
2121,34475,2
2122,34479,1
2123,34480,1
2124,34481,1
2125,34482,1
2126,34491,2
2127,34602,1
2128,34604,1
2129,34606,1
2130,34609,1
2131,34637,2
2132,34652,1
2133,34667,1
2134,34668,1
2135,34677,2
2136,34684,1
2137,34688,1
2138,34689,1
2139,34691,1
2140,34695,1
2141,34697,1
2142,34698,1
2143,34711,1
2144,34736,3
2145,34737,1
2146,34741,3
2147,34744,5
2148,34746,3
2149,34747,4
2150,34748,4
2151,34761,2
2152,34769,1
2153,34773,1
2154,34777,1
2155,34778,1
2156,34785,2
2157,34786,3
2158,34787,6
2159,34788,1
2160,34945,1
2161,34952,1
2162,34956,2
2163,34957,1
2164,34972,2
2165,34982,1
2166,34983,1
2167,34986,3
2168,34987,2
2169,34990,1
2170,34996,1
2171,34997,2
2172,35004,1
2173,35007,2
2174,35010,3
2175,35020,4
2176,35022,5
2177,35040,2
2178,35043,1
2179,35044,1
2180,35045,2
2181,35055,2
2182,35056,1
2183,35058,1
2184,35072,1
2185,35077,1
2186,35087,1
2187,35096,5
2188,35111,3
2189,35125,2
2190,35128,2
2191,35137,2
2192,35149,1
2193,35151,1
2194,35160,1
2195,35173,2
2196,35186,1
2197,35201,1
2198,35203,2
2199,35204,1
2200,35207,1
2201,35209,1
2202,35210,1
2203,35214,1
2204,35215,2
2205,35216,1
2206,35217,4
2207,35222,3
2208,35223,1
2209,35224,1
2210,35226,1
2211,35233,2
2212,35401,5
2213,35404,2
2214,35405,1
2215,35406,1
2216,35442,2
2217,35453,1
2218,35460,1
2219,35466,1
2220,35473,1
2221,35474,1
2222,35476,3
2223,35487,1
2224,35490,6
2225,35501,2
2226,35565,3
2227,35580,1
2228,35586,1
2229,35601,5
2230,35602,1
2231,35603,1
2232,35611,1
2233,35630,1
2234,35640,1
2235,35650,1
2236,35652,2
2237,35653,2
2238,35654,2
2239,35661,3
2240,35674,4
2241,35740,1
2242,35756,1
2243,35758,3
2244,35768,5
2245,35769,1
2246,35772,3
2247,35805,3
2248,35806,3
2249,35811,2
2250,35816,2
2251,35824,1
2252,35898,1
2253,35901,1
2254,35903,3
2255,35904,1
2256,35950,3
2257,35951,1
2258,35957,1
2259,35961,2
2260,35967,3
2261,35971,1
2262,35975,1
2263,35976,1
2264,35978,2
2265,35983,1
2266,36010,4
2267,36015,2
2268,36024,1
2269,36027,4
2270,36032,1
2271,36037,3
2272,36049,2
2273,36078,2
2274,36079,3
2275,36081,1
2276,36092,1
2277,36105,6
2278,36108,6
2279,36109,2
2280,36112,1
2281,36117,2
2282,36201,4
2283,36203,1
2284,36204,1
2285,36205,1
2286,36207,2
2287,36260,2
2288,36264,1
2289,36265,1
2290,36278,1
2291,36301,1
2292,36303,4
2293,36304,2
2294,36305,1
2295,36310,1
2296,36330,1
2297,36340,1
2298,36345,1
2299,36346,1
2300,36350,1
2301,36360,1
2302,36362,2
2303,36420,1
2304,36426,3
2305,36427,1
2306,36470,2
2307,36507,1
2308,36512,1
2309,36513,3
2310,36523,1
2311,36525,1
2312,36526,1
2313,36527,1
2314,36530,1
2315,36535,1
2316,36545,2
2317,36553,1
2318,36558,2
2319,36561,1
2320,36564,2
2321,36567,1
2322,36571,2
2323,36582,2
2324,36602,2
2325,36603,4
2326,36606,1
2327,36609,2
2328,36610,3
2329,36613,1
2330,36615,2
2331,36619,1
2332,36703,3
2333,36732,2
2334,36752,2
2335,36769,2
2336,36784,2
2337,36801,6
2338,36802,1
2339,36830,1
2340,36832,1
2341,36851,2
2342,36854,1
2343,36863,1
2344,36866,1
2345,36869,2
2346,36915,1
2347,36916,1
2348,37050,2
2349,37066,1
2350,37115,1
2351,37130,1
2352,37134,1
2353,37206,1
2354,37376,1
2355,37379,1
2356,37388,1
2357,37601,1
2358,37715,1
2359,37738,1
2360,37771,1
2361,37813,1
2362,38107,1
2363,38108,1
2364,38606,1
2365,38611,1
2366,38614,2
2367,38632,1
2368,38635,1
2369,38652,1
2370,38654,5
2371,38655,3
2372,38663,1
2373,38664,2
2374,38668,1
2375,38671,1
2376,38676,1
2377,38683,1
2378,38701,2
2379,38744,1
2380,38751,1
2381,38769,1
2382,38778,1
2383,38801,3
2384,38802,1
2385,38804,2
2386,38821,4
2387,38829,1
2388,38833,3
2389,38834,2
2390,38841,2
2391,38843,3
2392,38849,1
2393,38851,1
2394,38863,1
2395,38868,1
2396,38901,4
2397,38902,2
2398,38941,2
2399,38967,2
2400,39046,6
2401,39051,1
2402,39059,1
2403,39069,1
2404,39074,3
2405,39110,5
2406,39117,3
2407,39120,1
2408,39145,1
2409,39167,1
2410,39168,1
2411,39176,1
2412,39180,3
2413,39183,4
2414,39194,1
2415,39201,1
2416,39202,1
2417,39211,3
2418,39212,1
2419,39213,1
2420,39216,2
2421,39218,5
2422,39301,5
2423,39302,1
2424,39304,1
2425,39339,1
2426,39345,1
2427,39350,1
2428,39361,1
2429,39367,2
2430,39401,4
2431,39402,2
2432,39403,1
2433,39422,1
2434,39423,1
2435,39428,1
2436,39429,1
2437,39437,1
2438,39440,4
2439,39441,2
2440,39443,1
2441,39459,2
2442,39470,1
2443,39501,4
2444,39503,3
2445,39520,1
2446,39530,1
2447,39532,1
2448,39540,1
2449,39562,2
2450,39563,2
2451,39567,3
2452,39568,3
2453,39571,2
2454,39576,1
2455,39577,2
2456,39581,7
2457,39601,4
2458,39638,2
2459,39648,1
2460,39652,1
2461,39654,4
2462,39666,2
2463,39701,4
2464,39705,1
2465,39730,2
2466,39744,1
2467,39759,6
2468,39762,1
2469,39817,1
2470,39819,1
2471,39832,1
2472,39834,1
2473,39840,2
2474,40211,1
2475,41018,1
2476,41105,1
2477,42001,1
2478,42003,2
2479,42029,1
2480,42045,1
2481,42086,2
2482,42087,1
2483,42223,1
2484,42301,1
2485,42337,2
2486,42635,1
2487,43013,1
2488,43015,8
2489,43016,2
2490,43017,2
2491,43018,1
2492,43019,1
2493,43023,1
2494,43025,4
2495,43026,2
2496,43028,1
2497,43031,3
2498,43035,1
2499,43040,4
2500,43044,1
2501,43045,1
2502,43046,1
2503,43050,4
2504,43054,3
2505,43055,2
2506,43056,3
2507,43062,2
2508,43065,1
2509,43068,2
2510,43081,2
2511,43113,1
2512,43123,3
2513,43125,4
2514,43130,2
2515,43137,3
2516,43138,1
2517,43140,3
2518,43147,1
2519,43160,5
2520,43162,4
2521,43201,1
2522,43204,2
2523,43205,1
2524,43207,7
2525,43210,3
2526,43212,1
2527,43213,2
2528,43215,5
2529,43217,2
2530,43219,4
2531,43220,2
2532,43222,1
2533,43223,3
2534,43224,1
2535,43228,7
2536,43229,1
2537,43230,2
2538,43232,2
2539,43240,1
2540,43302,3
2541,43311,3
2542,43315,2
2543,43319,2
2544,43326,1
2545,43344,1
2546,43360,1
2547,43402,8
2548,43410,1
2549,43420,4
2550,43440,1
2551,43443,1
2552,43447,1
2553,43450,1
2554,43452,1
2555,43465,1
2556,43502,6
2557,43506,3
2558,43512,1
2559,43515,4
2560,43526,1
2561,43528,1
2562,43537,4
2563,43543,2
2564,43545,2
2565,43550,1
2566,43551,4
2567,43554,4
2568,43560,4
2569,43566,1
2570,43570,1
2571,43604,3
2572,43605,2
2573,43606,2
2574,43607,3
2575,43608,2
2576,43610,1
2577,43612,11
2578,43613,1
2579,43615,1
2580,43616,3
2581,43617,1
2582,43619,2
2583,43657,1
2584,43701,5
2585,43713,1
2586,43718,1
2587,43719,1
2588,43723,1
2589,43725,8
2590,43732,1
2591,43754,1
2592,43756,2
2593,43773,2
2594,43793,1
2595,43804,1
2596,43812,3
2597,43832,2
2598,43844,1
2599,43903,1
2600,43912,1
2601,43913,2
2602,43915,3
2603,43920,1
2604,43933,1
2605,43950,1
2606,43953,1
2607,43961,1
2608,43964,2
2609,43986,1
2610,44001,1
2611,44004,3
2612,44011,1
2613,44022,1
2614,44024,1
2615,44030,2
2616,44035,5
2617,44036,2
2618,44041,1
2619,44045,1
2620,44052,3
2621,44053,1
2622,44054,1
2623,44055,2
2624,44056,3
2625,44060,4
2626,44062,2
2627,44067,2
2628,44074,3
2629,44077,1
2630,44081,1
2631,44087,4
2632,44089,1
2633,44092,1
2634,44095,5
2635,44101,2
2636,44102,2
2637,44103,1
2638,44104,1
2639,44105,4
2640,44107,2
2641,44108,3
2642,44109,2
2643,44110,3
2644,44111,5
2645,44114,3
2646,44115,1
2647,44116,2
2648,44117,3
2649,44118,1
2650,44119,1
2651,44121,2
2652,44122,3
2653,44124,1
2654,44125,4
2655,44127,1
2656,44128,2
2657,44130,3
2658,44133,2
2659,44135,6
2660,44139,4
2661,44142,2
2662,44143,2
2663,44144,2
2664,44146,3
2665,44149,2
2666,44202,1
2667,44203,3
2668,44221,1
2669,44223,3
2670,44224,3
2671,44236,2
2672,44240,3
2673,44241,1
2674,44251,1
2675,44253,1
2676,44255,2
2677,44256,1
2678,44260,1
2679,44265,4
2680,44266,1
2681,44270,1
2682,44278,1
2683,44280,2
2684,44281,3
2685,44286,1
2686,44301,1
2687,44305,3
2688,44306,2
2689,44309,1
2690,44310,1
2691,44312,2
2692,44313,1
2693,44314,2
2694,44316,1
2695,44319,1
2696,44321,2
2697,44333,1
2698,44408,2
2699,44410,1
2700,44425,2
2701,44436,1
2702,44446,2
2703,44451,1
2704,44452,1
2705,44460,5
2706,44481,3
2707,44482,1
2708,44483,1
2709,44484,1
2710,44486,1
2711,44502,1
2712,44512,2
2713,44515,2
2714,44615,2
2715,44622,4
2716,44633,1
2717,44641,2
2718,44646,6
2719,44647,2
2720,44648,1
2721,44654,1
2722,44657,1
2723,44659,1
2724,44663,4
2725,44667,4
2726,44680,1
2727,44681,1
2728,44690,1
2729,44691,3
2730,44699,1
2731,44704,1
2732,44705,3
2733,44706,7
2734,44707,4
2735,44708,2
2736,44710,1
2737,44720,3
2738,44805,2
2739,44811,2
2740,44816,1
2741,44820,3
2742,44827,1
2743,44830,2
2744,44837,1
2745,44839,1
2746,44842,2
2747,44846,1
2748,44857,2
2749,44859,1
2750,44870,6
2751,44871,1
2752,44883,1
2753,44888,1
2754,44890,5
2755,44903,6
2756,44904,1
2757,45002,2
2758,45005,2
2759,45011,1
2760,45013,2
2761,45014,4
2762,45015,1
2763,45030,2
2764,45036,3
2765,45039,1
2766,45040,5
2767,45042,1
2768,45043,1
2769,45044,2
2770,45050,2
2771,45052,1
2772,45056,1
2773,45066,1
2774,45069,2
2775,45101,1
2776,45103,2
2777,45107,1
2778,45111,1
2779,45123,1
2780,45133,2
2781,45140,1
2782,45144,1
2783,45150,2
2784,45177,6
2785,45202,1
2786,45203,1
2787,45204,1
2788,45209,2
2789,45211,1
2790,45213,2
2791,45214,3
2792,45215,4
2793,45216,2
2794,45217,3
2795,45220,1
2796,45221,1
2797,45224,1
2798,45225,1
2799,45227,1
2800,45229,1
2801,45231,1
2802,45233,1
2803,45236,1
2804,45237,1
2805,45238,1
2806,45239,1
2807,45241,6
2808,45242,4
2809,45243,1
2810,45244,1
2811,45245,1
2812,45246,2
2813,45251,2
2814,45306,2
2815,45309,1
2816,45317,1
2817,45322,3
2818,45324,1
2819,45331,3
2820,45333,1
2821,45338,1
2822,45346,1
2823,45356,2
2824,45365,7
2825,45368,1
2826,45371,2
2827,45373,2
2828,45377,2
2829,45402,2
2830,45403,1
2831,45404,4
2832,45405,1
2833,45414,2
2834,45415,1
2835,45417,1
2836,45420,1
2837,45424,1
2838,45429,2
2839,45430,2
2840,45439,1
2841,45440,1
2842,45458,1
2843,45459,1
2844,45502,2
2845,45503,3
2846,45504,1
2847,45505,1
2848,45506,1
2849,45601,3
2850,45614,1
2851,45620,3
2852,45638,1
2853,45648,1
2854,45653,1
2855,45659,1
2856,45661,1
2857,45662,2
2858,45663,1
2859,45680,2
2860,45690,3
2861,45692,2
2862,45694,2
2863,45714,1
2864,45742,1
2865,45750,3
2866,45801,2
2867,45804,7
2868,45805,2
2869,45806,1
2870,45813,1
2871,45815,1
2872,45817,1
2873,45822,2
2874,45833,2
2875,45840,9
2876,45851,3
2877,45858,2
2878,45869,1
2879,45883,2
2880,45885,3
2881,45891,3
2882,45895,2
2883,46214,1
2884,46222,1
2885,46808,1
2886,47371,1
2887,47906,1
2888,48014,1
2889,48045,1
2890,48201,1
2891,48317,1
2892,49037,1
2893,49201,1
2894,49423,1
2895,49721,1
2896,49801,1
2897,50306,1
2898,50323,1
2899,50598,1
2900,50849,1
2901,53002,2
2902,53013,1
2903,53014,1
2904,53022,2
2905,53024,1
2906,53027,1
2907,53032,1
2908,53036,1
2909,53037,3
2910,53039,1
2911,53042,2
2912,53044,1
2913,53045,1
2914,53048,1
2915,53050,2
2916,53051,3
2917,53052,2
2918,53065,1
2919,53066,1
2920,53072,1
2921,53074,2
2922,53080,3
2923,53081,7
2924,53083,3
2925,53089,2
2926,53090,1
2927,53092,1
2928,53093,1
2929,53094,1
2930,53095,1
2931,53104,1
2932,53105,2
2933,53110,1
2934,53114,3
2935,53121,1
2936,53126,1
2937,53132,2
2938,53140,2
2939,53142,3
2940,53143,2
2941,53144,2
2942,53149,1
2943,53150,2
2944,53151,2
2945,53154,4
2946,53158,4
2947,53171,1
2948,53177,1
2949,53184,1
2950,53185,1
2951,53186,6
2952,53188,2
2953,53189,1
2954,53203,1
2955,53204,2
2956,53206,1
2957,53207,3
2958,53208,4
2959,53209,1
2960,53210,1
2961,53211,2
2962,53212,3
2963,53213,1
2964,53214,1
2965,53215,3
2966,53216,1
2967,53217,1
2968,53219,2
2969,53220,1
2970,53221,3
2971,53222,2
2972,53223,3
2973,53224,1
2974,53225,2
2975,53226,6
2976,53233,2
2977,53295,2
2978,53403,4
2979,53404,1
2980,53406,1
2981,53508,1
2982,53511,4
2983,53526,1
2984,53530,1
2985,53532,2
2986,53536,1
2987,53538,3
2988,53545,2
2989,53546,5
2990,53547,1
2991,53549,1
2992,53551,1
2993,53559,1
2994,53560,2
2995,53566,1
2996,53575,1
2997,53578,1
2998,53581,1
2999,53588,1
3000,53589,2
3001,53590,1
3002,53597,1
3003,53598,1
3004,53703,2
3005,53705,1
3006,53711,2
3007,53714,1
3008,53716,1
3009,53718,2
3010,53719,1
3011,53792,1
3012,53811,1
3013,53813,1
3014,53818,1
3015,53901,1
3016,53910,1
3017,53916,2
3018,53932,1
3019,53936,1
3020,53946,1
3021,53949,1
3022,53959,1
3023,53962,2
3024,53964,2
3025,53965,1
3026,54001,1
3027,54015,1
3028,54016,3
3029,54022,2
3030,54023,1
3031,54024,1
3032,54028,1
3033,54110,4
3034,54113,1
3035,54114,1
3036,54115,4
3037,54124,2
3038,54126,2
3039,54129,2
3040,54130,2
3041,54136,1
3042,54140,1
3043,54143,3
3044,54155,1
3045,54161,1
3046,54165,2
3047,54166,2
3048,54205,1
3049,54216,1
3050,54217,1
3051,54220,5
3052,54221,2
3053,54235,5
3054,54245,1
3055,54301,1
3056,54302,5
3057,54303,5
3058,54304,8
3059,54307,1
3060,54311,4
3061,54313,1
3062,54401,6
3063,54402,1
3064,54414,2
3065,54422,1
3066,54448,2
3067,54449,4
3068,54451,2
3069,54452,2
3070,54455,1
3071,54456,1
3072,54457,1
3073,54467,1
3074,54474,1
3075,54476,4
3076,54481,2
3077,54489,1
3078,54495,1
3079,54501,2
3080,54521,1
3081,54541,1
3082,54548,1
3083,54558,1
3084,54601,5
3085,54603,6
3086,54612,7
3087,54615,1
3088,54648,2
3089,54650,4
3090,54656,1
3091,54660,1
3092,54665,1
3093,54667,1
3094,54701,3
3095,54703,7
3096,54722,1
3097,54724,2
3098,54729,2
3099,54751,6
3100,54755,1
3101,54758,1
3102,54771,1
3103,54805,1
3104,54812,2
3105,54830,1
3106,54848,1
3107,54858,1
3108,54859,2
3109,54868,2
3110,54876,2
3111,54880,2
3112,54901,2
3113,54902,2
3114,54904,1
3115,54913,1
3116,54914,7
3117,54915,3
3118,54929,2
3119,54935,1
3120,54942,1
3121,54952,2
3122,54956,3
3123,54966,1
3124,54971,5
3125,54981,4
3126,54982,1
3127,55016,1
3128,55089,1
3129,55121,2
3130,55309,1
3131,55378,1
3132,55450,1
3133,56187,1
3134,56248,1
3135,56258,1
3136,56671,1
3137,57005,1
3138,57006,1
3139,57014,1
3140,57022,1
3141,57026,1
3142,57032,1
3143,57034,2
3144,57049,2
3145,57077,1
3146,57078,5
3147,57103,6
3148,57105,6
3149,57107,3
3150,57108,2
3151,57110,1
3152,57117,3
3153,57201,1
3154,57212,1
3155,57226,1
3156,57269,1
3157,57270,1
3158,57279,1
3159,57301,1
3160,57325,3
3161,57345,1
3162,57350,4
3163,57370,1
3164,57401,4
3165,57438,1
3166,57440,1
3167,57461,1
3168,57476,1
3169,57642,1
3170,57701,3
3171,57706,1
3172,57730,1
3173,57745,1
3174,57783,1
3175,57793,1
3176,58012,1
3177,58040,1
3178,58075,3
3179,58078,2
3180,58102,6
3181,58103,3
3182,58108,1
3183,58201,3
3184,58203,2
3185,58204,1
3186,58220,1
3187,58225,1
3188,58276,1
3189,58318,1
3190,58324,1
3191,58401,1
3192,58433,1
3193,58440,1
3194,58474,2
3195,58501,2
3196,58502,1
3197,58503,1
3198,58504,1
3199,58523,1
3200,58538,1
3201,58552,1
3202,58561,1
3203,58601,2
3204,58622,1
3205,58634,1
3206,58638,2
3207,58640,1
3208,58701,1
3209,58703,2
3210,58721,1
3211,58755,1
3212,58757,2
3213,58760,1
3214,58761,1
3215,58784,1
3216,58801,7
3217,58831,3
3218,58835,1
3219,58843,1
3220,58847,2
3221,58849,1
3222,58854,6
3223,59004,1
3224,59011,1
3225,59044,1
3226,59101,3
3227,59106,3
3228,59107,1
3229,59231,1
3230,59270,1
3231,59301,2
3232,59313,2
3233,59323,1
3234,59330,1
3235,59402,1
3236,59404,2
3237,59405,2
3238,59417,1
3239,59433,1
3240,59501,1
3241,59644,1
3242,59701,2
3243,59702,1
3244,59714,1
3245,59715,1
3246,59716,4
3247,59718,1
3248,59722,1
3249,59725,1
3250,59754,1
3251,59801,1
3252,59802,1
3253,59808,5
3254,59823,1
3255,59873,1
3256,59912,1
3257,59936,1
3258,59937,3
3259,60002,2
3260,60007,9
3261,60010,2
3262,60012,1
3263,60013,1
3264,60014,3
3265,60016,2
3266,60018,7
3267,60022,1
3268,60025,1
3269,60026,1
3270,60030,1
3271,60035,2
3272,60044,1
3273,60045,3
3274,60047,1
3275,60048,2
3276,60050,2
3277,60056,1
3278,60060,1
3279,60061,1
3280,60062,2
3281,60064,1
3282,60067,2
3283,60068,1
3284,60069,1
3285,60070,1
3286,60076,1
3287,60077,2
3288,60084,2
3289,60088,1
3290,60090,2
3291,60091,1
3292,60098,2
3293,60101,3
3294,60104,1
3295,60106,1
3296,60107,1
3297,60108,2
3298,60110,1
3299,60113,1
3300,60115,1
3301,60120,1
3302,60123,2
3303,60124,1
3304,60126,1
3305,60130,2
3306,60131,5
3307,60133,1
3308,60134,1
3309,60135,1
3310,60140,1
3311,60141,1
3312,60143,2
3313,60148,2
3314,60152,1
3315,60155,1
3316,60156,2
3317,60160,6
3318,60162,1
3319,60164,5
3320,60169,1
3321,60172,1
3322,60173,4
3323,60174,5
3324,60176,1
3325,60180,1
3326,60181,2
3327,60185,5
3328,60188,4
3329,60191,3
3330,60193,1
3331,60201,1
3332,60202,1
3333,60208,5
3334,60301,2
3335,60302,1
3336,60402,2
3337,60403,1
3338,60406,1
3339,60407,1
3340,60409,2
3341,60411,11
3342,60415,1
3343,60420,1
3344,60421,4
3345,60423,2
3346,60431,1
3347,60433,2
3348,60435,1
3349,60436,6
3350,60438,2
3351,60439,1
3352,60440,3
3353,60443,1
3354,60446,8
3355,60447,1
3356,60449,1
3357,60450,3
3358,60451,1
3359,60453,1
3360,60455,6
3361,60460,1
3362,60462,1
3363,60463,1
3364,60473,2
3365,60477,1
3366,60484,1
3367,60487,2
3368,60501,3
3369,60502,1
3370,60504,4
3371,60506,5
3372,60510,2
3373,60513,1
3374,60515,2
3375,60517,4
3376,60521,1
3377,60523,1
3378,60525,6
3379,60526,1
3380,60527,2
3381,60540,4
3382,60544,1
3383,60545,1
3384,60554,2
3385,60561,1
3386,60563,1
3387,60564,1
3388,60585,1
3389,60601,1
3390,60602,1
3391,60604,2
3392,60605,2
3393,60606,3
3394,60607,5
3395,60608,4
3396,60609,4
3397,60610,2
3398,60611,5
3399,60612,1
3400,60613,2
3401,60614,2
3402,60615,1
3403,60616,1
3404,60617,6
3405,60618,2
3406,60623,4
3407,60625,1
3408,60626,1
3409,60628,2
3410,60629,2
3411,60631,2
3412,60632,7
3413,60633,3
3414,60634,1
3415,60636,1
3416,60637,4
3417,60638,7
3418,60639,4
3419,60641,2
3420,60642,1
3421,60644,2
3422,60646,2
3423,60647,1
3424,60651,1
3425,60654,2
3426,60661,1
3427,60666,10
3428,60706,1
3429,60714,1
3430,60803,4
3431,60804,4
3432,60901,1
3433,60914,1
3434,60921,1
3435,60936,1
3436,60948,1
3437,60955,1
3438,60969,1
3439,61001,1
3440,61006,1
3441,61008,8
3442,61021,2
3443,61025,1
3444,61032,1
3445,61068,2
3446,61080,3
3447,61081,5
3448,61085,1
3449,61101,1
3450,61104,2
3451,61108,1
3452,61109,6
3453,61111,1
3454,61231,1
3455,61244,2
3456,61254,1
3457,61257,2
3458,61259,1
3459,61265,2
3460,61277,1
3461,61285,1
3462,61301,1
3463,61341,3
3464,61342,1
3465,61345,1
3466,61350,1
3467,61354,2
3468,61360,1
3469,61362,1
3470,61364,2
3471,61369,1
3472,61376,1
3473,61378,1
3474,61401,2
3475,61411,2
3476,61422,1
3477,61443,3
3478,61462,1
3479,61477,1
3480,61520,1
3481,61530,1
3482,61544,1
3483,61550,2
3484,61554,5
3485,61565,1
3486,61571,1
3487,61603,2
3488,61604,1
3489,61611,5
3490,61614,3
3491,61615,2
3492,61637,1
3493,61641,2
3494,61701,1
3495,61704,1
3496,61744,2
3497,61748,1
3498,61761,2
3499,61764,2
3500,61801,3
3501,61802,2
3502,61811,1
3503,61820,2
3504,61821,6
3505,61822,1
3506,61826,1
3507,61832,3
3508,61834,5
3509,61840,1
3510,61910,1
3511,61911,1
3512,61938,7
3513,61944,4
3514,62002,5
3515,62024,4
3516,62025,1
3517,62034,1
3518,62035,1
3519,62040,5
3520,62048,1
3521,62052,1
3522,62056,1
3523,62062,1
3524,62075,1
3525,62084,1
3526,62092,1
3527,62204,1
3528,62206,2
3529,62220,2
3530,62221,1
3531,62233,2
3532,62234,2
3533,62236,1
3534,62239,1
3535,62249,2
3536,62257,1
3537,62258,1
3538,62263,1
3539,62269,2
3540,62274,1
3541,62282,1
3542,62286,1
3543,62288,1
3544,62301,3
3545,62305,2
3546,62326,1
3547,62401,2
3548,62411,2
3549,62439,1
3550,62441,1
3551,62448,2
3552,62510,1
3553,62526,4
3554,62535,1
3555,62539,1
3556,62561,1
3557,62565,1
3558,62568,2
3559,62617,1
3560,62618,2
3561,62650,2
3562,62656,1
3563,62707,1
3564,62769,1
3565,62801,4
3566,62832,1
3567,62834,1
3568,62839,1
3569,62842,1
3570,62859,1
3571,62863,1
3572,62864,2
3573,62869,1
3574,62881,1
3575,62894,1
3576,62901,1
3577,62902,1
3578,62918,1
3579,62948,2
3580,62959,2
3581,63005,2
3582,63010,1
3583,63011,1
3584,63017,3
3585,63019,1
3586,63021,1
3587,63026,3
3588,63031,1
3589,63033,1
3590,63042,6
3591,63043,1
3592,63044,3
3593,63045,5
3594,63060,1
3595,63068,1
3596,63069,2
3597,63080,1
3598,63084,4
3599,63090,3
3600,63101,1
3601,63102,1
3602,63105,2
3603,63108,1
3604,63109,1
3605,63110,3
3606,63111,1
3607,63114,2
3608,63117,1
3609,63119,2
3610,63121,1
3611,63123,1
3612,63125,4
3613,63128,2
3614,63129,3
3615,63130,1
3616,63131,3
3617,63132,1
3618,63134,1
3619,63136,1
3620,63139,2
3621,63140,1
3622,63141,2
3623,63144,3
3624,63146,2
3625,63147,2
3626,63155,1
3627,63156,1
3628,63301,3
3629,63304,1
3630,63349,2
3631,63357,1
3632,63363,2
3633,63366,4
3634,63367,1
3635,63376,2
3636,63379,3
3637,63383,2
3638,63385,3
3639,63390,1
3640,63401,4
3641,63432,1
3642,63434,1
3643,63445,2
3644,63447,1
3645,63456,1
3646,63460,1
3647,63461,1
3648,63552,1
3649,63558,1
3650,63628,1
3651,63638,1
3652,63640,2
3653,63645,1
3654,63701,2
3655,63702,1
3656,63775,2
3657,63776,1
3658,63780,1
3659,63801,2
3660,63829,1
3661,63839,1
3662,63857,1
3663,63869,2
3664,63877,1
3665,63901,3
3666,63957,1
3667,64024,1
3668,64030,1
3669,64037,1
3670,64055,1
3671,64058,1
3672,64060,1
3673,64061,1
3674,64064,1
3675,64067,1
3676,64068,3
3677,64082,1
3678,64086,1
3679,64093,1
3680,64108,2
3681,64110,1
3682,64111,4
3683,64116,2
3684,64117,2
3685,64119,4
3686,64120,4
3687,64123,1
3688,64127,1
3689,64129,1
3690,64130,3
3691,64132,3
3692,64133,1
3693,64153,4
3694,64154,1
3695,64155,1
3696,64156,1
3697,64157,2
3698,64158,1
3699,64161,3
3700,64402,1
3701,64424,1
3702,64468,2
3703,64494,1
3704,64501,4
3705,64504,6
3706,64507,1
3707,64667,1
3708,64672,1
3709,64701,3
3710,64742,1
3711,64759,1
3712,64801,2
3713,64804,1
3714,64831,1
3715,64836,6
3716,64843,1
3717,64850,2
3718,64854,1
3719,64867,1
3720,64870,1
3721,65066,1
3722,65079,1
3723,65081,1
3724,65101,3
3725,65109,1
3726,65201,4
3727,65203,1
3728,65217,1
3729,65251,2
3730,65254,1
3731,65265,3
3732,65270,1
3733,65301,2
3734,65340,3
3735,65360,1
3736,65401,1
3737,65440,1
3738,65441,1
3739,65483,1
3740,65536,2
3741,65559,1
3742,65605,1
3743,65615,1
3744,65616,2
3745,65625,2
3746,65705,1
3747,65706,3
3748,65708,3
3749,65721,2
3750,65726,1
3751,65739,1
3752,65765,1
3753,65775,2
3754,65789,1
3755,65801,1
3756,65802,8
3757,65803,5
3758,65807,4
3759,65898,1
3760,66002,3
3761,66021,1
3762,66027,1
3763,66031,5
3764,66040,2
3765,66044,1
3766,66045,1
3767,66046,2
3768,66048,4
3769,66052,1
3770,66053,1
3771,66061,4
3772,66067,1
3773,66071,1
3774,66090,1
3775,66092,1
3776,66101,1
3777,66102,1
3778,66103,3
3779,66104,1
3780,66105,3
3781,66106,2
3782,66111,4
3783,66115,4
3784,66118,1
3785,66202,2
3786,66203,1
3787,66205,1
3788,66206,1
3789,66211,1
3790,66212,2
3791,66214,1
3792,66215,9
3793,66216,1
3794,66217,1
3795,66219,3
3796,66226,1
3797,66227,1
3798,66436,1
3799,66441,1
3800,66442,1
3801,66502,2
3802,66503,1
3803,66508,1
3804,66534,2
3805,66538,1
3806,66601,2
3807,66604,1
3808,66606,1
3809,66607,3
3810,66609,2
3811,66614,1
3812,66618,1
3813,66619,1
3814,66683,1
3815,66701,1
3816,66713,1
3817,66720,1
3818,66757,1
3819,66762,1
3820,66763,1
3821,66767,3
3822,66801,3
3823,66839,2
3824,66901,1
3825,66935,1
3826,67003,1
3827,67005,2
3828,67035,2
3829,67036,1
3830,67052,2
3831,67062,1
3832,67063,1
3833,67068,2
3834,67104,1
3835,67105,1
3836,67110,1
3837,67114,1
3838,67124,1
3839,67152,1
3840,67156,1
3841,67201,1
3842,67205,2
3843,67206,1
3844,67207,1
3845,67209,2
3846,67210,6
3847,67211,1
3848,67213,3
3849,67214,2
3850,67215,1
3851,67216,3
3852,67217,1
3853,67218,1
3854,67219,2
3855,67226,1
3856,67230,1
3857,67232,1
3858,67277,1
3859,67337,1
3860,67357,1
3861,67401,3
3862,67402,1
3863,67410,1
3864,67436,2
3865,67439,1
3866,67456,1
3867,67460,1
3868,67480,2
3869,67501,5
3870,67502,2
3871,67504,1
3872,67525,1
3873,67530,2
3874,67550,1
3875,67565,1
3876,67572,1
3877,67601,2
3878,67647,1
3879,67663,1
3880,67671,1
3881,67701,1
3882,67732,1
3883,67738,1
3884,67748,1
3885,67758,1
3886,67801,6
3887,67844,1
3888,67846,1
3889,67851,5
3890,67860,1
3891,67867,2
3892,67870,1
3893,67871,1
3894,67877,4
3895,67880,1
3896,67901,3
3897,67905,1
3898,67951,1
3899,67952,1
3900,68007,1
3901,68025,3
3902,68028,1
3903,68038,1
3904,68041,1
3905,68046,2
3906,68047,1
3907,68048,1
3908,68057,1
3909,68066,1
3910,68102,2
3911,68105,1
3912,68106,1
3913,68107,3
3914,68108,1
3915,68110,5
3916,68112,1
3917,68113,2
3918,68114,2
3919,68116,1
3920,68117,1
3921,68122,1
3922,68123,2
3923,68127,4
3924,68132,1
3925,68134,1
3926,68137,2
3927,68138,2
3928,68144,2
3929,68154,1
3930,68301,1
3931,68310,2
3932,68317,1
3933,68333,2
3934,68345,1
3935,68347,1
3936,68350,1
3937,68352,1
3938,68410,3
3939,68430,1
3940,68462,1
3941,68503,1
3942,68504,1
3943,68506,2
3944,68508,5
3945,68512,3
3946,68516,2
3947,68521,1
3948,68522,4
3949,68523,1
3950,68524,2
3951,68526,1
3952,68528,1
3953,68529,1
3954,68588,1
3955,68601,4
3956,68628,2
3957,68632,1
3958,68647,1
3959,68658,1
3960,68661,3
3961,68663,1
3962,68701,5
3963,68702,2
3964,68731,5
3965,68739,1
3966,68758,1
3967,68763,1
3968,68776,3
3969,68784,2
3970,68801,5
3971,68802,2
3972,68803,4
3973,68818,1
3974,68822,1
3975,68840,5
3976,68842,1
3977,68845,2
3978,68847,1
3979,68848,1
3980,68850,1
3981,68852,1
3982,68901,5
3983,68927,1
3984,68935,1
3985,68949,2
3986,69022,1
3987,69029,1
3988,69101,1
3989,69130,1
3990,69154,1
3991,69160,1
3992,69162,2
3993,69169,1
3994,69301,1
3995,69341,1
3996,69360,1
3997,69361,1
3998,70001,2
3999,70002,1
4000,70003,1
4001,70005,1
4002,70031,1
4003,70037,1
4004,70043,1
4005,70051,3
4006,70052,2
4007,70053,1
4008,70057,2
4009,70062,3
4010,70065,2
4011,70068,2
4012,70070,1
4013,70084,3
4014,70086,1
4015,70087,4
4016,70091,1
4017,70094,4
4018,70112,4
4019,70117,3
4020,70119,1
4021,70123,3
4022,70126,3
4023,70128,1
4024,70129,1
4025,70130,1
4026,70342,1
4027,70346,1
4028,70357,2
4029,70363,1
4030,70391,1
4031,70401,3
4032,70403,2
4033,70433,2
4034,70438,1
4035,70441,1
4036,70443,1
4037,70445,1
4038,70448,1
4039,70452,2
4040,70455,1
4041,70458,3
4042,70460,1
4043,70461,1
4044,70502,1
4045,70503,1
4046,70506,1
4047,70507,2
4048,70508,1
4049,70510,1
4050,70512,1
4051,70517,2
4052,70518,2
4053,70520,1
4054,70526,1
4055,70535,2
4056,70542,1
4057,70546,4
4058,70548,1
4059,70555,1
4060,70556,1
4061,70560,1
4062,70570,1
4063,70583,1
4064,70584,1
4065,70586,1
4066,70601,3
4067,70616,1
4068,70631,2
4069,70633,1
4070,70648,1
4071,70663,2
4072,70665,1
4073,70669,3
4074,70704,1
4075,70707,1
4076,70710,1
4077,70723,1
4078,70725,3
4079,70726,2
4080,70734,5
4081,70737,3
4082,70739,1
4083,70764,3
4084,70767,3
4085,70769,3
4086,70775,2
4087,70785,2
4088,70791,3
4089,70802,1
4090,70805,3
4091,70806,2
4092,70808,1
4093,70809,1
4094,70810,1
4095,70811,1
4096,70812,2
4097,70814,1
4098,70815,2
4099,70816,3
4100,70817,2
4101,70819,1
4102,70821,1
4103,71019,2
4104,71027,1
4105,71032,2
4106,71037,2
4107,71038,1
4108,71052,1
4109,71055,2
4110,71078,1
4111,71101,1
4112,71103,1
4113,71105,1
4114,71106,1
4115,71107,4
4116,71109,1
4117,71111,2
4118,71115,1
4119,71129,2
4120,71201,1
4121,71203,1
4122,71238,1
4123,71241,2
4124,71269,1
4125,71270,1
4126,71272,1
4127,71275,1
4128,71292,1
4129,71294,2
4130,71295,2
4131,71340,1
4132,71342,1
4133,71350,1
4134,71353,1
4135,71360,3
4136,71368,1
4137,71422,2
4138,71440,2
4139,71447,3
4140,71457,2
4141,71459,4
4142,71463,1
4143,71480,1
4144,71601,5
4145,71602,6
4146,71603,1
4147,71635,2
4148,71654,1
4149,71671,1
4150,71701,1
4151,71711,1
4152,71720,1
4153,71725,3
4154,71730,4
4155,71743,1
4156,71753,1
4157,71801,2
4158,71832,1
4159,71833,1
4160,71838,1
4161,71852,2
4162,71854,6
4163,71901,3
4164,71909,1
4165,71913,1
4166,71953,2
4167,72015,2
4168,72019,1
4169,72022,1
4170,72023,1
4171,72031,1
4172,72032,1
4173,72034,1
4174,72046,1
4175,72076,1
4176,72084,1
4177,72086,1
4178,72104,2
4179,72106,1
4180,72110,1
4181,72112,5
4182,72113,4
4183,72117,2
4184,72118,1
4185,72127,3
4186,72143,2
4187,72160,6
4188,72202,3
4189,72203,3
4190,72204,1
4191,72205,2
4192,72206,10
4193,72207,1
4194,72209,4
4195,72210,1
4196,72211,3
4197,72212,2
4198,72223,2
4199,72231,1
4200,72301,4
4201,72315,7
4202,72316,1
4203,72330,1
4204,72335,1
4205,72364,1
4206,72370,1
4207,72392,1
4208,72395,1
4209,72401,3
4210,72443,1
4211,72450,7
4212,72455,3
4213,72472,1
4214,72501,4
4215,72543,4
4216,72562,1
4217,72601,5
4218,72616,1
4219,72638,1
4220,72650,1
4221,72653,3
4222,72657,1
4223,72701,4
4224,72704,1
4225,72712,2
4226,72715,1
4227,72716,1
4228,72732,1
4229,72734,1
4230,72736,1
4231,72740,1
4232,72745,2
4233,72756,2
4234,72758,3
4235,72761,3
4236,72762,2
4237,72764,7
4238,72801,2
4239,72802,1
4240,72823,2
4241,72830,5
4242,72833,2
4243,72858,1
4244,72901,3
4245,72903,1
4246,72908,1
4247,72916,2
4248,72923,1
4249,72927,1
4250,72936,1
4251,72946,1
4252,72956,4
4253,73003,1
4254,73008,1
4255,73013,1
4256,73018,1
4257,73019,1
4258,73020,1
4259,73028,1
4260,73030,1
4261,73034,1
4262,73036,1
4263,73044,1
4264,73055,1
4265,73069,5
4266,73071,1
4267,73072,1
4268,73077,1
4269,73086,2
4270,73089,1
4271,73096,1
4272,73099,2
4273,73101,1
4274,73102,2
4275,73106,2
4276,73107,3
4277,73108,3
4278,73114,2
4279,73118,1
4280,73125,1
4281,73127,1
4282,73128,2
4283,73129,1
4284,73130,1
4285,73131,2
4286,73132,1
4287,73135,1
4288,73140,2
4289,73145,4
4290,73153,1
4291,73159,3
4292,73160,1
4293,73162,1
4294,73179,8
4295,73401,3
4296,73446,2
4297,73448,1
4298,73505,2
4299,73521,1
4300,73522,1
4301,73523,1
4302,73528,1
4303,73533,1
4304,73542,1
4305,73572,1
4306,73601,1
4307,73632,1
4308,73639,2
4309,73644,1
4310,73654,1
4311,73662,2
4312,73669,1
4313,73701,3
4314,73703,1
4315,73734,1
4316,73750,3
4317,73764,1
4318,73772,3
4319,73834,1
4320,73860,1
4321,73932,1
4322,73942,1
4323,74006,2
4324,74008,1
4325,74010,1
4326,74011,2
4327,74012,3
4328,74015,4
4329,74017,3
4330,74019,4
4331,74020,1
4332,74036,1
4333,74037,3
4334,74053,1
4335,74055,1
4336,74059,1
4337,74063,1
4338,74074,2
4339,74075,2
4340,74103,2
4341,74104,1
4342,74107,3
4343,74112,2
4344,74115,1
4345,74116,2
4346,74121,1
4347,74127,1
4348,74131,1
4349,74132,1
4350,74133,2
4351,74136,4
4352,74141,1
4353,74145,1
4354,74146,3
4355,74350,1
4356,74354,1
4357,74361,4
4358,74370,1
4359,74401,1
4360,74402,1
4361,74403,2
4362,74421,1
4363,74429,1
4364,74434,3
4365,74437,2
4366,74462,1
4367,74464,1
4368,74501,1
4369,74701,2
4370,74764,1
4371,74804,1
4372,74820,1
4373,74834,1
4374,74867,1
4375,74880,1
4376,74884,1
4377,74937,1
4378,74948,1
4379,74953,1
4380,74954,1
4381,74965,1
4382,75001,1
4383,75002,4
4384,75006,11
4385,75007,2
4386,75010,1
4387,75013,2
4388,75019,5
4389,75020,4
4390,75023,3
4391,75024,3
4392,75028,1
4393,75034,3
4394,75038,2
4395,75039,1
4396,75040,1
4397,75041,3
4398,75042,3
4399,75044,2
4400,75048,1
4401,75050,14
4402,75051,12
4403,75052,1
4404,75056,2
4405,75057,7
4406,75061,2
4407,75062,4
4408,75063,1
4409,75067,2
4410,75068,2
4411,75069,2
4412,75070,2
4413,75071,6
4414,75074,3
4415,75075,1
4416,75077,1
4417,75081,4
4418,75087,1
4419,75090,6
4420,75092,1
4421,75093,1
4422,75094,1
4423,75098,1
4424,75104,5
4425,75110,1
4426,75115,4
4427,75119,3
4428,75120,1
4429,75126,1
4430,75134,2
4431,75146,2
4432,75149,3
4433,75150,1
4434,75160,1
4435,75165,3
4436,75167,1
4437,75169,1
4438,75172,1
4439,75181,1
4440,75182,1
4441,75189,1
4442,75201,8
4443,75203,1
4444,75205,1
4445,75206,1
4446,75207,2
4447,75208,2
4448,75211,1
4449,75212,12
4450,75214,1
4451,75215,1
4452,75216,3
4453,75217,2
4454,75218,2
4455,75219,3
4456,75220,7
4457,75225,1
4458,75226,2
4459,75227,4
4460,75229,4
4461,75231,3
4462,75232,1
4463,75234,1
4464,75235,4
4465,75236,3
4466,75237,3
4467,75238,1
4468,75243,1
4469,75244,1
4470,75247,5
4471,75248,2
4472,75252,1
4473,75254,2
4474,75260,2
4475,75261,12
4476,75262,1
4477,75401,1
4478,75402,2
4479,75404,1
4480,75418,1
4481,75422,1
4482,75428,1
4483,75454,1
4484,75455,4
4485,75460,1
4486,75479,1
4487,75482,2
4488,75491,1
4489,75494,1
4490,75501,2
4491,75507,2
4492,75569,1
4493,75570,1
4494,75572,3
4495,75601,3
4496,75602,1
4497,75603,1
4498,75604,2
4499,75605,1
4500,75631,1
4501,75633,1
4502,75645,1
4503,75657,1
4504,75662,2
4505,75670,2
4506,75672,1
4507,75681,1
4508,75692,2
4509,75702,3
4510,75703,2
4511,75704,1
4512,75707,1
4513,75710,1
4514,75751,1
4515,75752,1
4516,75765,1
4517,75766,1
4518,75771,1
4519,75790,1
4520,75801,3
4521,75802,1
4522,75803,1
4523,75835,1
4524,75846,1
4525,75855,1
4526,75862,4
4527,75901,1
4528,75902,1
4529,75925,1
4530,75935,1
4531,75939,1
4532,75951,1
4533,75961,5
4534,75964,2
4535,75972,1
4536,75979,2
4537,76001,4
4538,76006,1
4539,76009,2
4540,76010,7
4541,76011,7
4542,76012,3
4543,76014,2
4544,76020,2
4545,76022,2
4546,76028,3
4547,76031,4
4548,76033,2
4549,76034,1
4550,76035,1
4551,76040,1
4552,76048,2
4553,76051,7
4554,76053,3
4555,76063,4
4556,76065,5
4557,76067,3
4558,76078,1
4559,76086,1
4560,76087,2
4561,76101,1
4562,76102,3
4563,76103,1
4564,76104,1
4565,76106,4
4566,76108,3
4567,76109,2
4568,76110,1
4569,76111,4
4570,76115,1
4571,76117,3
4572,76119,1
4573,76123,1
4574,76129,1
4575,76131,4
4576,76132,1
4577,76133,3
4578,76134,2
4579,76137,3
4580,76140,4
4581,76155,8
4582,76164,3
4583,76177,5
4584,76179,1
4585,76180,3
4586,76201,1
4587,76204,3
4588,76207,2
4589,76208,2
4590,76210,3
4591,76227,3
4592,76230,1
4593,76234,2
4594,76240,2
4595,76249,1
4596,76258,1
4597,76262,2
4598,76266,1
4599,76272,1
4600,76301,1
4601,76302,2
4602,76354,1
4603,76360,1
4604,76364,1
4605,76401,2
4606,76426,1
4607,76431,1
4608,76450,1
4609,76457,1
4610,76464,1
4611,76474,1
4612,76491,1
4613,76501,2
4614,76502,1
4615,76504,2
4616,76511,1
4617,76513,4
4618,76520,1
4619,76528,1
4620,76544,2
4621,76548,1
4622,76550,1
4623,76567,1
4624,76574,1
4625,76634,1
4626,76636,1
4627,76643,1
4628,76655,1
4629,76670,1
4630,76704,1
4631,76705,7
4632,76708,1
4633,76710,1
4634,76712,3
4635,76801,3
4636,76821,3
4637,76825,1
4638,76837,2
4639,76849,2
4640,76861,1
4641,76901,1
4642,76903,2
4643,76930,1
4644,76932,8
4645,76943,2
4646,77002,5
4647,77003,5
4648,77006,1
4649,77008,2
4650,77009,2
4651,77010,8
4652,77011,5
4653,77012,1
4654,77013,1
4655,77015,7
4656,77016,1
4657,77017,4
4658,77019,1
4659,77020,1
4660,77021,1
4661,77022,1
4662,77023,2
4663,77024,5
4664,77025,1
4665,77026,2
4666,77028,1
4667,77029,5
4668,77031,1
4669,77032,6
4670,77034,3
4671,77035,1
4672,77039,3
4673,77040,3
4674,77041,9
4675,77042,3
4676,77043,3
4677,77044,1
4678,77045,1
4679,77049,5
4680,77051,4
4681,77053,4
4682,77055,5
4683,77056,4
4684,77057,1
4685,77058,1
4686,77060,1
4687,77061,3
4688,77064,3
4689,77066,2
4690,77068,2
4691,77070,1
4692,77074,5
4693,77075,2
4694,77076,1
4695,77077,1
4696,77078,1
4697,77081,1
4698,77084,2
4699,77086,1
4700,77087,2
4701,77090,2
4702,77091,2
4703,77092,1
4704,77093,2
4705,77094,1
4706,77095,2
4707,77096,1
4708,77098,2
4709,77099,1
4710,77205,1
4711,77240,1
4712,77301,1
4713,77302,1
4714,77303,1
4715,77306,2
4716,77316,1
4717,77318,1
4718,77327,3
4719,77339,3
4720,77340,1
4721,77346,1
4722,77351,2
4723,77354,2
4724,77355,1
4725,77356,2
4726,77357,2
4727,77363,1
4728,77365,1
4729,77375,2
4730,77377,1
4731,77378,1
4732,77379,2
4733,77380,2
4734,77381,1
4735,77386,2
4736,77388,1
4737,77396,1
4738,77404,1
4739,77406,1
4740,77410,1
4741,77414,4
4742,77429,2
4743,77433,2
4744,77434,1
4745,77437,3
4746,77441,1
4747,77447,3
4748,77448,1
4749,77450,1
4750,77453,1
4751,77459,2
4752,77471,1
4753,77474,2
4754,77477,7
4755,77478,2
4756,77479,2
4757,77482,1
4758,77484,2
4759,77488,3
4760,77489,1
4761,77494,5
4762,77501,1
4763,77505,2
4764,77506,5
4765,77507,7
4766,77510,1
4767,77515,2
4768,77520,4
4769,77521,10
4770,77522,1
4771,77523,5
4772,77530,5
4773,77531,1
4774,77532,1
4775,77536,9
4776,77539,1
4777,77541,13
4778,77545,1
4779,77546,2
4780,77550,3
4781,77554,3
4782,77555,1
4783,77566,2
4784,77568,2
4785,77571,15
4786,77573,1
4787,77575,2
4788,77578,1
4789,77580,4
4790,77581,1
4791,77583,1
4792,77586,2
4793,77587,1
4794,77590,8
4795,77591,1
4796,77592,1
4797,77598,2
4798,77614,1
4799,77615,2
4800,77619,1
4801,77625,1
4802,77627,1
4803,77630,5
4804,77632,5
4805,77640,7
4806,77641,2
4807,77642,2
4808,77651,1
4809,77657,1
4810,77665,1
4811,77701,5
4812,77703,1
4813,77705,10
4814,77706,1
4815,77707,1
4816,77708,1
4817,77801,1
4818,77802,2
4819,77803,3
4820,77806,1
4821,77807,1
4822,77808,1
4823,77833,3
4824,77834,1
4825,77836,1
4826,77840,2
4827,77843,1
4828,77845,2
4829,77853,1
4830,77864,2
4831,77868,1
4832,77901,3
4833,77904,1
4834,77954,1
4835,77957,1
4836,77963,1
4837,77964,2
4838,77971,3
4839,77978,1
4840,77979,2
4841,77982,1
4842,77983,1
4843,77994,1
4844,78006,1
4845,78009,1
4846,78011,1
4847,78013,2
4848,78014,7
4849,78019,1
4850,78021,1
4851,78026,3
4852,78040,2
4853,78041,2
4854,78045,4
4855,78046,1
4856,78061,2
4857,78064,3
4858,78065,1
4859,78071,1
4860,78072,3
4861,78073,1
4862,78102,3
4863,78111,1
4864,78112,1
4865,78113,1
4866,78115,1
4867,78118,2
4868,78130,1
4869,78132,1
4870,78133,1
4871,78140,1
4872,78151,1
4873,78154,2
4874,78155,6
4875,78164,1
4876,78204,3
4877,78207,1
4878,78209,2
4879,78211,2
4880,78213,1
4881,78215,3
4882,78216,2
4883,78217,1
4884,78218,6
4885,78219,9
4886,78220,1
4887,78223,1
4888,78226,1
4889,78227,1
4890,78228,1
4891,78229,1
4892,78232,1
4893,78233,2
4894,78234,2
4895,78235,1
4896,78236,2
4897,78238,2
4898,78244,3
4899,78245,2
4900,78249,1
4901,78250,1
4902,78251,2
4903,78254,2
4904,78255,1
4905,78257,1
4906,78258,5
4907,78259,3
4908,78261,4
4909,78263,2
4910,78264,5
4911,78266,1
4912,78284,1
4913,78338,1
4914,78343,1
4915,78359,1
4916,78362,5
4917,78363,3
4918,78364,1
4919,78374,4
4920,78379,1
4921,78380,2
4922,78382,1
4923,78393,1
4924,78401,6
4925,78402,1
4926,78404,1
4927,78405,1
4928,78406,1
4929,78407,1
4930,78408,1
4931,78409,3
4932,78410,1
4933,78411,2
4934,78414,1
4935,78415,2
4936,78469,2
4937,78501,6
4938,78503,1
4939,78521,3
4940,78523,1
4941,78526,1
4942,78537,1
4943,78541,3
4944,78542,1
4945,78550,2
4946,78552,1
4947,78553,1
4948,78557,1
4949,78572,3
4950,78573,1
4951,78574,1
4952,78577,1
4953,78583,1
4954,78586,1
4955,78593,1
4956,78596,1
4957,78602,2
4958,78606,1
4959,78609,1
4960,78610,5
4961,78613,2
4962,78621,2
4963,78624,1
4964,78626,1
4965,78634,2
4966,78640,1
4967,78641,1
4968,78642,1
4969,78652,1
4970,78657,2
4971,78664,2
4972,78665,2
4973,78666,4
4974,78667,1
4975,78681,1
4976,78701,4
4977,78702,4
4978,78703,1
4979,78704,3
4980,78705,2
4981,78717,1
4982,78721,1
4983,78724,3
4984,78725,1
4985,78727,1
4986,78728,1
4987,78729,2
4988,78731,1
4989,78734,2
4990,78736,2
4991,78737,1
4992,78744,1
4993,78745,1
4994,78747,1
4995,78748,1
4996,78751,2
4997,78752,1
4998,78753,2
4999,78754,3
5000,78758,1
5001,78759,1
5002,78801,1
5003,78832,1
5004,78834,2
5005,78839,2
5006,78840,3
5007,78852,2
5008,78884,1
5009,78935,1
5010,78941,1
5011,78945,1
5012,78957,1
5013,78959,1
5014,79003,1
5015,79007,1
5016,79013,3
5017,79014,1
5018,79022,2
5019,79029,2
5020,79035,2
5021,79040,1
5022,79045,2
5023,79057,1
5024,79064,1
5025,79065,5
5026,79066,1
5027,79086,2
5028,79094,1
5029,79097,2
5030,79098,1
5031,79101,1
5032,79104,1
5033,79106,2
5034,79108,1
5035,79110,1
5036,79111,1
5037,79118,2
5038,79119,1
5039,79120,1
5040,79235,1
5041,79241,1
5042,79244,1
5043,79256,1
5044,79311,1
5045,79316,1
5046,79323,1
5047,79331,1
5048,79336,2
5049,79342,1
5050,79347,1
5051,79350,1
5052,79351,1
5053,79359,1
5054,79360,1
5055,79372,1
5056,79401,3
5057,79403,2
5058,79404,2
5059,79408,2
5060,79410,1
5061,79413,1
5062,79415,1
5063,79416,3
5064,79423,1
5065,79424,1
5066,79501,1
5067,79502,1
5068,79510,1
5069,79511,1
5070,79520,1
5071,79546,2
5072,79549,1
5073,79565,1
5074,79601,2
5075,79602,2
5076,79603,2
5077,79605,2
5078,79701,10
5079,79702,2
5080,79705,1
5081,79706,5
5082,79707,3
5083,79708,1
5084,79710,1
5085,79713,2
5086,79714,4
5087,79719,2
5088,79720,2
5089,79731,1
5090,79739,4
5091,79744,1
5092,79745,1
5093,79752,1
5094,79754,2
5095,79756,1
5096,79760,1
5097,79762,1
5098,79763,2
5099,79764,3
5100,79765,2
5101,79770,4
5102,79772,8
5103,79778,5
5104,79782,3
5105,79830,1
5106,79843,1
5107,79851,1
5108,79853,1
5109,79855,3
5110,79905,1
5111,79906,1
5112,79907,1
5113,79910,1
5114,79912,3
5115,79915,2
5116,79916,2
5117,79922,2
5118,79925,1
5119,79928,2
5120,79930,1
5121,79932,1
5122,79935,2
5123,79936,2
5124,79938,1
5125,80002,2
5126,80010,1
5127,80011,12
5128,80012,2
5129,80014,1
5130,80015,2
5131,80016,2
5132,80019,1
5133,80020,3
5134,80021,2
5135,80022,3
5136,80023,4
5137,80027,3
5138,80030,1
5139,80033,1
5140,80104,2
5141,80108,4
5142,80110,6
5143,80111,2
5144,80112,7
5145,80113,1
5146,80120,2
5147,80122,1
5148,80123,3
5149,80124,4
5150,80126,3
5151,80129,1
5152,80130,1
5153,80131,1
5154,80134,3
5155,80137,1
5156,80138,1
5157,80202,5
5158,80203,1
5159,80204,4
5160,80205,1
5161,80206,1
5162,80210,1
5163,80211,3
5164,80216,7
5165,80217,1
5166,80218,1
5167,80220,2
5168,80221,1
5169,80222,2
5170,80223,2
5171,80225,1
5172,80226,1
5173,80227,1
5174,80229,3
5175,80234,3
5176,80237,2
5177,80238,3
5178,80239,10
5179,80249,2
5180,80260,2
5181,80266,1
5182,80301,3
5183,80302,1
5184,80401,4
5185,80402,1
5186,80403,2
5187,80422,1
5188,80424,4
5189,80435,2
5190,80439,1
5191,80446,1
5192,80452,1
5193,80480,1
5194,80501,3
5195,80504,3
5196,80513,1
5197,80515,1
5198,80517,1
5199,80521,2
5200,80524,2
5201,80526,1
5202,80528,1
5203,80534,6
5204,80537,1
5205,80538,4
5206,80543,1
5207,80550,1
5208,80551,1
5209,80601,1
5210,80602,1
5211,80603,1
5212,80610,1
5213,80621,2
5214,80624,1
5215,80631,8
5216,80640,5
5217,80642,3
5218,80644,1
5219,80645,2
5220,80651,2
5221,80652,1
5222,80701,6
5223,80722,1
5224,80741,1
5225,80751,1
5226,80754,1
5227,80759,4
5228,80817,2
5229,80841,1
5230,80903,1
5231,80905,2
5232,80906,5
5233,80907,1
5234,80909,1
5235,80910,3
5236,80912,1
5237,80913,2
5238,80915,2
5239,80916,2
5240,80918,1
5241,81001,1
5242,81004,1
5243,81052,1
5244,81082,2
5245,81089,1
5246,81101,1
5247,81137,1
5248,81147,1
5249,81201,1
5250,81212,2
5251,81226,1
5252,81230,1
5253,81301,1
5254,81303,1
5255,81401,3
5256,81419,1
5257,81427,1
5258,81501,1
5259,81502,1
5260,81505,1
5261,81507,1
5262,81527,1
5263,81611,1
5264,81620,2
5265,81623,2
5266,81624,1
5267,81625,3
5268,81637,1
5269,81643,1
5270,81650,1
5271,81657,1
5272,81658,1
5273,82190,2
5274,82414,1
5275,82731,1
5276,83001,1
5277,83201,1
5278,83202,1
5279,83204,2
5280,83206,1
5281,83211,2
5282,83252,1
5283,83254,1
5284,83274,1
5285,83301,4
5286,83302,1
5287,83318,2
5288,83330,1
5289,83336,2
5290,83338,6
5291,83340,1
5292,83342,1
5293,83344,2
5294,83346,1
5295,83347,2
5296,83349,1
5297,83350,1
5298,83401,6
5299,83402,2
5300,83404,1
5301,83406,1
5302,83425,1
5303,83440,2
5304,83442,1
5305,83467,2
5306,83501,3
5307,83524,1
5308,83544,1
5309,83549,1
5310,83553,1
5311,83605,4
5312,83607,2
5313,83619,2
5314,83623,1
5315,83628,1
5316,83629,1
5317,83634,1
5318,83639,1
5319,83642,2
5320,83646,1
5321,83660,1
5322,83661,1
5323,83672,2
5324,83686,1
5325,83687,1
5326,83704,2
5327,83705,2
5328,83706,1
5329,83712,1
5330,83716,2
5331,83802,1
5332,83815,1
5333,83823,1
5334,83835,1
5335,83837,2
5336,83847,1
5337,83854,2
5338,83857,1
5339,83861,1
5340,84056,4
5341,84101,1
5342,84199,1
5343,84401,1
5344,84404,1
5345,84511,1
5346,84601,1
5347,85135,1
5348,85213,1
5349,85226,1
5350,85235,1
5351,85256,1
5352,85257,1
5353,85365,1
5354,85621,1
5355,85637,1
5356,85711,1
5357,86001,1
5358,86023,1
5359,86028,1
5360,87740,1
5361,88002,2
5362,88030,1
5363,88081,1
5364,88210,2
5365,88310,1
5366,88312,1
5367,89510,1
5368,90011,1
5369,90052,1
5370,90701,1
5371,90802,3
5372,91383,1
5373,91387,1
5374,91905,2
5375,91935,1
5376,92054,1
5377,92110,1
5378,92113,1
5379,92118,1
5380,92132,1
5381,92135,3
5382,92136,1
5383,92154,2
5384,92155,1
5385,92310,1
5386,92311,1
5387,92394,1
5388,92518,1
5389,92690,1
5390,93001,1
5391,93043,1
5392,93246,1
5393,93436,1
5394,93454,1
5395,93524,1
5396,93943,2
5397,94035,1
5398,94104,1
5399,94107,1
5400,94188,2
5401,94525,1
5402,94550,1
5403,94590,1
5404,94607,2
5405,94804,1
5406,95203,1
5407,95233,1
5408,95610,1
5409,96049,1
5410,96786,1
5411,96799,2
5412,96813,1
5413,96857,1
5414,96860,1
5415,96915,2
5416,96950,2
5417,97086,1
5418,97103,1
5419,97217,2
5420,97471,1
5421,97503,1
5422,97504,1
5423,97532,1
5424,97701,1
5425,97739,1
5426,98003,1
5427,98101,1
5428,98103,2
5429,98125,1
5430,98134,3
5431,98203,2
5432,98207,1
5433,98290,2
5434,98312,1
5435,98314,2
5436,98362,1
5437,98431,1
5438,98433,1
5439,98499,1
5440,98848,1
5441,98952,1
5442,99011,1
5443,99336,1
5444,99611,1
5445,99692,1
5446,99835,1
5447,99901,1
