{
  "categorical_features": {
    "workclass": [
      " State-gov", 
      " Self-emp-not-inc", 
      " Private", 
      " Federal-gov", 
      " Local-gov", 
      " ?", 
      " Self-emp-inc", 
      " Without-pay", 
      " Never-worked"
    ], 
    "relationship": [
      " Not-in-family", 
      " Husband", 
      " Wife", 
      " Own-child", 
      " Unmarried", 
      " Other-relative"
    ], 
    "sex": [
      " Male", 
      " Female"
    ], 
    "race": [
      " White", 
      " Black", 
      " Asian-Pac-Islander", 
      " Amer-Indian-Eskimo", 
      " Other"
    ], 
    "native-country": [
      " United-States", 
      " Cuba", 
      " Jamaica", 
      " India", 
      " ?", 
      " Mexico", 
      " South", 
      " Puerto-Rico", 
      " Honduras", 
      " England", 
      " Canada", 
      " Germany", 
      " Iran", 
      " Philippines", 
      " Italy", 
      " Poland", 
      " Columbia", 
      " Cambodia", 
      " Thailand", 
      " Ecuador", 
      " Laos", 
      " Taiwan", 
      " Haiti", 
      " Portugal", 
      " Dominican-Republic", 
      " El-Salvador", 
      " France", 
      " Guatemala", 
      " China", 
      " Japan", 
      " Yugoslavia", 
      " Peru", 
      " Outlying-US(Guam-USVI-etc)", 
      " Scotland", 
      " Trinadad&Tobago", 
      " Greece", 
      " Nicaragua", 
      " Vietnam", 
      " Hong", 
      " Ireland", 
      " Hungary", 
      " Holand-Netherlands"
    ], 
    "income": [
      " <=50K", 
      " >50K"
    ], 
    "education": [
      " Bachelors", 
      " HS-grad", 
      " 11th", 
      " Masters", 
      " 9th", 
      " Some-college", 
      " Assoc-acdm", 
      " Assoc-voc", 
      " 7th-8th", 
      " Doctorate", 
      " Prof-school", 
      " 5th-6th", 
      " 10th", 
      " 1st-4th", 
      " Preschool", 
      " 12th"
    ], 
    "marital-status": [
      " Never-married", 
      " Married-civ-spouse", 
      " Divorced", 
      " Married-spouse-absent", 
      " Separated", 
      " Married-AF-spouse", 
      " Widowed"
    ], 
    "occupation": [
      " Adm-clerical", 
      " Exec-managerial", 
      " Handlers-cleaners", 
      " Prof-specialty", 
      " Other-service", 
      " Sales", 
      " Craft-repair", 
      " Transport-moving", 
      " Farming-fishing", 
      " Machine-op-inspct", 
      " Tech-support", 
      " ?", 
      " Protective-serv", 
      " Armed-Forces", 
      " Priv-house-serv"
    ]
  }, 
  "feature_names": [
    "age", 
    "workclass", 
    "fnlwgt", 
    "education", 
    "education-num", 
    "marital-status", 
    "occupation", 
    "relationship", 
    "race", 
    "sex", 
    "capital-gain", 
    "capital-loss", 
    "hours-per-week", 
    "native-country", 
    "income"
  ], 
  "target_names": [
    " <=50K", 
    " >50K"
  ]
}